,name,rating,location,niche_grade,acceptance_rate (%),net_price ($),SAT_range,city,state,SAT_low,SAT_high,SAT_average
0,Massachusetts Institute of Technology,1,"CAMBRIDGE, MA",A+,7,20465,1510-1570,CAMBRIDGE, MA,1510,1570,1540.0
1,Harvard University,2,"CAMBRIDGE, MA",A+,5,18030,1460-1570,CAMBRIDGE, MA,1460,1570,1515.0
2,Stanford University,3,"STANFORD, CA",A+,4,16779,1440-1570,STANFORD, CA,1440,1570,1505.0
3,Yale University,4,"NEW HAVEN, CT",A+,6,18073,1460-1570,NEW HAVEN, CT,1460,1570,1515.0
4,Princeton University,5,"PRINCETON, NJ",A+,6,18712,1460-1570,PRINCETON, NJ,1460,1570,1515.0
5,Duke University,6,"DURHAM, NC",A+,8,24386,1480-1570,DURHAM, NC,1480,1570,1525.0
6,Rice University,7,"HOUSTON, TX",A+,9,20335,1470-1570,HOUSTON, TX,1470,1570,1520.0
7,Brown University,8,"PROVIDENCE, RI",A+,7,27218,1440-1570,PROVIDENCE, RI,1440,1570,1505.0
8,University of Pennsylvania,9,"PHILADELPHIA, PA",A+,8,24771,1450-1560,PHILADELPHIA, PA,1450,1560,1505.0
9,Dartmouth College,10,"HANOVER, NH",A+,8,23869,1440-1560,HANOVER, NH,1440,1560,1500.0
10,Columbia University,11,"NEW YORK, NY",A+,5,21828,1440-1570,NEW YORK, NY,1440,1570,1505.0
11,Washington University in St. Louis,12,"SAINT LOUIS, MO",A+,14,27108,1480-1560,SAINT LOUIS, MO,1480,1560,1520.0
12,Vanderbilt University,13,"NASHVILLE, TN",A+,9,25855,1460-1560,NASHVILLE, TN,1460,1560,1510.0
13,Northwestern University,14,"EVANSTON, IL",A+,9,26196,1440-1550,EVANSTON, IL,1440,1550,1495.0
14,University of Chicago,15,"CHICAGO, IL",A+,6,34719,1500-1570,CHICAGO, IL,1500,1570,1535.0
15,University of Southern California,16,"LOS ANGELES, CA",A+,11,37521,1360-1530,LOS ANGELES, CA,1360,1530,1445.0
16,Cornell University,17,"ITHACA, NY",A+,11,28921,1400-1560,ITHACA, NY,1400,1560,1480.0
17,Pomona College,18,"CLAREMONT, CA",A+,7,18500,1390-1540,CLAREMONT, CA,1390,1540,1465.0
18,University of Notre Dame,19,"NOTRE DAME, IN",A+,16,30536,1400-1550,NOTRE DAME, IN,1400,1550,1475.0
19,California Institute of Technology,20,"PASADENA, CA",A+,6,27438,1530-1560,PASADENA, CA,1530,1560,1545.0
20,Carnegie Mellon University,21,"PITTSBURGH, PA",A+,15,30618,1460-1560,PITTSBURGH, PA,1460,1560,1510.0
21,Johns Hopkins University,22,"BALTIMORE, MD",A+,11,28999,1460-1560,BALTIMORE, MD,1460,1560,1510.0
22,University of California - Los Angeles,23,"LOS ANGELES, CA",A+,12,15718,1300-1530,LOS ANGELES, CA,1300,1530,1415.0
23,Georgetown University,24,"WASHINGTON, DC",A+,14,28442,1380-1550,WASHINGTON, DC,1380,1550,1465.0
24,University of Michigan - Ann Arbor,25,"ANN ARBOR, MI",A+,23,17357,1340-1530,ANN ARBOR, MI,1340,1530,1435.0
25,Tufts University,26,"MEDFORD, MA",A+,15,26280,1390-1540,MEDFORD, MA,1390,1540,1465.0
26,Bowdoin College,27,"BRUNSWICK, ME",A+,9,23808,1360-1510,BRUNSWICK, ME,1360,1510,1435.0
27,Washington and Lee University,28,"LEXINGTON, VA",A+,19,23301,1360-1500,LEXINGTON, VA,1360,1500,1430.0
28,University of Virginia,29,"CHARLOTTESVILLE, VA",A+,24,17579,1340-1520,CHARLOTTESVILLE, VA,1340,1520,1430.0
29,Georgia Institute of Technology,30,"ATLANTA, GA",A+,21,16883,1300-1510,ATLANTA, GA,1300,1510,1405.0
30,Claremont McKenna College,31,"CLAREMONT, CA",A+,10,24456,1360-1510,CLAREMONT, CA,1360,1510,1435.0
31,Middlebury College,32,"MIDDLEBURY, VT",A+,15,23367,1360-1530,MIDDLEBURY, VT,1360,1530,1445.0
32,Harvey Mudd College,33,"CLAREMONT, CA",A+,14,39411,1490-1570,CLAREMONT, CA,1490,1570,1530.0
33,Haverford College,34,"HAVERFORD, PA",A+,16,22837,1380-1540,HAVERFORD, PA,1380,1540,1460.0
34,Emory University,35,"ATLANTA, GA",A+,16,25942,1360-1530,ATLANTA, GA,1360,1530,1445.0
35,Swarthmore College,36,"SWARTHMORE, PA",A+,9,19759,1380-1540,SWARTHMORE, PA,1380,1540,1460.0
36,United States Military Academy at West Point,37,"WEST  POINT, NY",A+,12,,1160-1380,WEST  POINT, NY,1160,1380,1270.0
37,Barnard College,38,"NEW YORK, NY",A+,12,26649,1340-1520,NEW YORK, NY,1340,1520,1430.0
38,Wellesley College,39,"WELLESLEY, MA",A+,22,19805,1360-1530,WELLESLEY, MA,1360,1530,1445.0
39,Hamilton College,40,"CLINTON, NY",A+,16,29117,1370-1520,CLINTON, NY,1370,1520,1445.0
40,Carleton College,41,"NORTHFIELD, MN",A+,19,31547,1360-1540,NORTHFIELD, MN,1360,1540,1450.0
41,New York University,42,"NEW YORK, NY",A+,16,37739,1350-1530,NEW YORK, NY,1350,1530,1440.0
42,Colgate University,43,"HAMILTON, NY",A+,23,23503,1330-1500,HAMILTON, NY,1330,1500,1415.0
43,Williams College,44,"WILLIAMSTOWN, MA",A+,13,17303,1410-1550,WILLIAMSTOWN, MA,1410,1550,1480.0
44,Wake Forest University,45,"WINSTON-SALEM, NC",A+,30,24800,1270-1410,WINSTON-SALEM, NC,1270,1410,1340.0
45,Boston College,46,"CHESTNUT HILL, MA",A+,27,28354,1340-1500,CHESTNUT HILL, MA,1340,1500,1420.0
46,University of North Carolina at Chapel Hill,47,"CHAPEL HILL, NC",A+,23,10085,1310-1500,CHAPEL HILL, NC,1310,1500,1405.0
47,University of Florida,48,"GAINESVILLE, FL",A+,37,10457,1310-1470,GAINESVILLE, FL,1310,1470,1390.0
48,University of California - Berkeley,49,"BERKELEY, CA",A+,16,18522,1330-1530,BERKELEY, CA,1330,1530,1430.0
49,Davidson College,50,"DAVIDSON, NC",A+,18,27714,1310-1480,DAVIDSON, NC,1310,1480,1395.0
50,Northeastern University,51,"BOSTON, MA",A+,18,36479,1390-1540,BOSTON, MA,1390,1540,1465.0
51,University of Texas - Austin,52,"AUSTIN, TX",A+,32,15502,1230-1480,AUSTIN, TX,1230,1480,1355.0
52,Wesleyan University,53,"MIDDLETOWN, CT",A+,16,21853,1300-1480,MIDDLETOWN, CT,1300,1480,1390.0
53,Boston University,54,"BOSTON, MA",A+,19,29479,1340-1510,BOSTON, MA,1340,1510,1425.0
54,Amherst College,55,"AMHERST, MA",A+,11,16339,1310-1520,AMHERST, MA,1310,1520,1415.0
55,William & Mary,56,"WILLIAMSBURG, VA",A+,38,18551,1320-1510,WILLIAMSBURG, VA,1320,1510,1415.0
56,University of Georgia,57,"ATHENS, GA",A+,45,15961,1240-1420,ATHENS, GA,1240,1420,1330.0
57,Colby College,58,"WATERVILLE, ME",A+,10,19592,1380-1520,WATERVILLE, ME,1380,1520,1450.0
58,University of Richmond,59,"UNIVERSITY OF RICHMOND, VA",A+,28,25282,1290-1460,UNIVERSITY OF RICHMOND, VA,1290,1460,1375.0
59,Grinnell College,60,"GRINNELL, IA",A+,23,29404,1370-1530,GRINNELL, IA,1370,1530,1450.0
60,University of Miami,61,"CORAL GABLES, FL",A+,27,33102,1270-1440,CORAL GABLES, FL,1270,1440,1355.0
61,Bates College,62,"LEWISTON, ME",A+,12,26669,1385-1460,LEWISTON, ME,1385,1460,1422.5
62,Macalester College,63,"SAINT PAUL, MN",A+,32,31458,1320-1510,SAINT PAUL, MN,1320,1510,1415.0
63,Babson College,64,"WELLESLEY, MA",A+,26,28325,1270-1450,WELLESLEY, MA,1270,1450,1360.0
64,University of Wisconsin,65,"MADISON, WI",A+,54,16103,1300-1480,MADISON, WI,1300,1480,1390.0
65,Villanova University,66,"VILLANOVA, PA",A+,28,36840,1320-1470,VILLANOVA, PA,1320,1470,1395.0
66,Lehigh University,67,"BETHLEHEM, PA",A+,32,26631,1280-1450,BETHLEHEM, PA,1280,1450,1365.0
67,Virginia Tech,68,"BLACKSBURG, VA",A+,70,18449,1180-1390,BLACKSBURG, VA,1180,1390,1285.0
68,The Cooper Union for the Advancement of Science and Art,69,"NEW YORK, NY",A+,15,28366,1300-1530,NEW YORK, NY,1300,1530,1415.0
69,Lafayette College,70,"EASTON, PA",A+,31,26810,1250-1440,EASTON, PA,1250,1440,1345.0
70,University of Illinois Urbana-Champaign,71,"URBANA, IL",A+,59,14660,1210-1470,URBANA, IL,1210,1470,1340.0
71,Case Western Reserve University,72,"CLEVELAND, OH",A+,27,35890,1340-1510,CLEVELAND, OH,1340,1510,1425.0
72,Tulane University,73,"NEW ORLEANS, LA",A+,13,40783,1360-1520,NEW ORLEANS, LA,1360,1520,1440.0
73,Smith College,74,"NORTHAMPTON, MA",A+,32,28905,1240-1470,NORTHAMPTON, MA,1240,1470,1355.0
74,University of California - Santa Barbara,75,"SANTA BARBARA, CA",A+,30,16767,1230-1480,SANTA BARBARA, CA,1230,1480,1355.0
75,University of Rochester,76,"ROCHESTER, NY",A+,30,32939,1310-1500,ROCHESTER, NY,1310,1500,1405.0
76,Purdue University,77,"WEST LAFAYETTE, IN",A+,60,12684,1190-1440,WEST LAFAYETTE, IN,1190,1440,1315.0
77,Kenyon College,78,"GAMBIER, OH",A+,34,37940,1270-1460,GAMBIER, OH,1270,1460,1365.0
78,Vassar College,79,"POUGHKEEPSIE, NY",A+,24,24811,1370-1520,POUGHKEEPSIE, NY,1370,1520,1445.0
79,Texas A&M University,80,"COLLEGE STATION, TX",A+,58,19237,1160-1390,COLLEGE STATION, TX,1160,1390,1275.0
80,Florida State University,81,"TALLAHASSEE, FL",A+,36,12568,1200-1340,TALLAHASSEE, FL,1200,1340,1270.0
81,University of California - Irvine,82,"IRVINE, CA",A+,27,15268,1170-1420,IRVINE, CA,1170,1420,1295.0
82,College of the Holy Cross,83,"WORCESTER, MA",A+,34,34627,1260-1430,WORCESTER, MA,1260,1430,1345.0
83,Bucknell University,84,"LEWISBURG, PA",A+,34,39493,1260-1430,LEWISBURG, PA,1260,1430,1345.0
84,Penn State,85,"UNIVERSITY PARK, PA",A+,56,26151,1160-1360,UNIVERSITY PARK, PA,1160,1360,1260.0
85,North Carolina State University,86,"RALEIGH, NC",A+,45,14958,1250-1420,RALEIGH, NC,1250,1420,1335.0
86,Skidmore College,87,"SARATOGA SPRINGS, NY",A+,30,23589,1220-1400,SARATOGA SPRINGS, NY,1220,1400,1310.0
87,Southern Methodist University,88,"DALLAS, TX",A+,47,40404,1300-1480,DALLAS, TX,1300,1480,1390.0
88,The Ohio State University,89,"COLUMBUS, OH",A,54,18706,1250-1460,COLUMBUS, OH,1250,1460,1355.0
89,Mount Holyoke College,90,"SOUTH HADLEY, MA",A,38,32008,1290-1500,SOUTH HADLEY, MA,1290,1500,1395.0
90,University of California - Davis,91,"DAVIS, CA",A,39,15886,1170-1410,DAVIS, CA,1170,1410,1290.0
91,Santa Clara University,92,"SANTA CLARA, CA",A,49,42114,1280-1440,SANTA CLARA, CA,1280,1440,1360.0
92,Colorado School of Mines,93,"GOLDEN, CO",A,53,26856,1160-1460,GOLDEN, CO,1160,1460,1310.0
93,Brigham Young University,94,"PROVO, UT",A,67,13340,1210-1420,PROVO, UT,1210,1420,1315.0
94,University of Minnesota Twin Cities,95,"MINNEAPOLIS, MN",A,57,17279,1260-1480,MINNEAPOLIS, MN,1260,1480,1370.0
95,Trinity University,96,"SAN ANTONIO, TX",A,29,30505,1290-1450,SAN ANTONIO, TX,1290,1450,1370.0
96,Rose-Hulman Institute of Technology,97,"TERRE HAUTE, IN",A,74,45356,1250-1460,TERRE HAUTE, IN,1250,1460,1355.0
97,Rensselaer Polytechnic Institute,98,"TROY, NY",A,47,41006,1290-1490,TROY, NY,1290,1490,1390.0
98,University of Washington,99,"SEATTLE, WA",A,52,10692,1220-1470,SEATTLE, WA,1220,1470,1345.0
99,Clemson University,100,"CLEMSON, SC",A,51,21482,1230-1400,CLEMSON, SC,1230,1400,1315.0
100,University of California - San Diego,101,"LA JOLLA, CA",A,31,14864,1250-1490,LA JOLLA, CA,1250,1490,1370.0
101,Bryn Mawr College,102,"BRYN MAWR, PA",A,33,33716,1310-1500,BRYN MAWR, PA,1310,1500,1405.0
102,George Washington University,103,"WASHINGTON, DC",A,41,38829,1280-1470,WASHINGTON, DC,1280,1470,1375.0
103,Occidental College,104,"LOS ANGELES, CA",A,37,35362,1300-1480,LOS ANGELES, CA,1300,1480,1390.0
104,Worcester Polytechnic Institute,105,"WORCESTER, MA",A,49,42393,1310-1480,WORCESTER, MA,1310,1480,1395.0
105,Whitman College,106,"WALLA WALLA, WA",A,56,41822,1240-1450,WALLA WALLA, WA,1240,1450,1345.0
106,Scripps College,107,"CLAREMONT, CA",A,32,39702,1330-1490,CLAREMONT, CA,1330,1490,1410.0
107,Reed College,108,"PORTLAND, OR",A,39,32069,1320-1520,PORTLAND, OR,1320,1520,1420.0
108,University of Maryland - College Park,109,"COLLEGE PARK, MD",A,44,17723,1280-1470,COLLEGE PARK, MD,1280,1470,1375.0
109,University of Pittsburgh,110,"PITTSBURGH, PA",A,57,22600,1260-1440,PITTSBURGH, PA,1260,1440,1350.0
110,Michigan State University,111,"EAST LANSING, MI",A,71,16579,1100-1320,EAST LANSING, MI,1100,1320,1210.0
111,Franklin & Marshall College,112,"LANCASTER, PA",A,30,27102,1200-1420,LANCASTER, PA,1200,1420,1310.0
112,Colorado College,113,"COLORADO SPRINGS, CO",A,14,32303,,COLORADO SPRINGS, CO,,,
113,Brandeis University,114,"WALTHAM, MA",A,30,37264,1350-1520,WALTHAM, MA,1350,1520,1435.0
114,Texas Christian University,115,"FORT WORTH, TX",A,47,37509,1150-1350,FORT WORTH, TX,1150,1350,1250.0
115,Pepperdine University,116,"MALIBU, CA",A,32,42135,1230-1450,MALIBU, CA,1230,1450,1340.0
116,Stevens Institute of Technology,117,"HOBOKEN, NJ",A,40,40770,1340-1500,HOBOKEN, NJ,1340,1500,1420.0
117,University of Tulsa,118,"TULSA, OK",A,36,23940,1090-1360,TULSA, OK,1090,1360,1225.0
118,St. Olaf College,119,"NORTHFIELD, MN",A,48,27779,1190-1430,NORTHFIELD, MN,1190,1430,1310.0
119,Indiana University - Bloomington,120,"BLOOMINGTON, IN",A,78,13036,1150-1360,BLOOMINGTON, IN,1150,1360,1255.0
120,Wheaton College - Illinois,121,"WHEATON, IL",A,85,28795,1220-1440,WHEATON, IL,1220,1440,1330.0
121,Rhode Island School of Design,122,"PROVIDENCE, RI",A,26,39791,1230-1470,PROVIDENCE, RI,1230,1470,1350.0
122,Pitzer College,123,"CLAREMONT, CA",A,14,36552,1300-1450,CLAREMONT, CA,1300,1450,1375.0
123,Loyola Marymount University,124,"LOS ANGELES, CA",A,44,47292,1230-1410,LOS ANGELES, CA,1230,1410,1320.0
124,Gettysburg College,125,"GETTYSBURG, PA",A,48,34720,1200-1370,GETTYSBURG, PA,1200,1370,1285.0
125,Michigan Technological University,126,"HOUGHTON, MI",A,74,17814,1170-1370,HOUGHTON, MI,1170,1370,1270.0
126,University of Massachusetts - Amherst,127,"AMHERST, MA",A,64,22927,1190-1390,AMHERST, MA,1190,1390,1290.0
127,Saint Louis University,128,"SAINT LOUIS, MO",A,58,31098,1170-1380,SAINT LOUIS, MO,1170,1380,1275.0
128,Furman University,129,"GREENVILLE, SC",A,57,35621,1240-1420,GREENVILLE, SC,1240,1420,1330.0
129,Virginia Military Institute,130,"LEXINGTON, VA",A,60,13428,1090-1270,LEXINGTON, VA,1090,1270,1180.0
130,University of South Florida,131,"TAMPA, FL",A,48,9787,1170-1330,TAMPA, FL,1170,1330,1250.0
131,Denison University,132,"GRANVILLE, OH",A,29,36650,1200-1410,GRANVILLE, OH,1200,1410,1305.0
132,University of San Diego,133,"SAN DIEGO, CA",A,49,35936,1190-1370,SAN DIEGO, CA,1190,1370,1280.0
133,Wabash College,134,"CRAWFORDSVILLE, IN",A,64,21285,1120-1320,CRAWFORDSVILLE, IN,1120,1320,1220.0
134,California Polytechnic State University (Cal Poly) - San Luis Obispo,135,"SAN LUIS OBISPO, CA",A,28,21232,1240-1440,SAN LUIS OBISPO, CA,1240,1440,1340.0
135,Oklahoma State University,136,"STILLWATER, OK",A,70,15325,1060-1280,STILLWATER, OK,1060,1280,1170.0
136,Rutgers University - New Brunswick,137,"NEW BRUNSWICK, NJ",A,61,16873,1210-1430,NEW BRUNSWICK, NJ,1210,1430,1320.0
137,Yeshiva University,138,"NEW YORK, NY",A,55,33953,1150-1390,NEW YORK, NY,1150,1390,1270.0
138,James Madison University,139,"HARRISONBURG, VA",A,77,18708,1120-1290,HARRISONBURG, VA,1120,1290,1205.0
139,Auburn University,140,"AUBURN, AL",A,81,23562,1150-1320,AUBURN, AL,1150,1320,1235.0
140,Rhodes College,141,"MEMPHIS, TN",A,45,30632,1220-1430,MEMPHIS, TN,1220,1430,1325.0
141,Union College - New York,142,"SCHENECTADY, NY",A,43,39527,1220-1420,SCHENECTADY, NY,1220,1420,1320.0
142,Dickinson College,143,"CARLISLE, PA",A,40,33139,1190-1365,CARLISLE, PA,1190,1365,1277.5
143,University of Delaware,144,"NEWARK, DE",A,71,17539,1160-1350,NEWARK, DE,1160,1350,1255.0
144,Baylor University,145,"WACO, TX",A,45,38372,1200-1380,WACO, TX,1200,1380,1290.0
145,University of Utah,146,"SALT LAKE CITY, UT",A,62,13739,1140-1380,SALT LAKE CITY, UT,1140,1380,1260.0
146,Iowa State University,147,"AMES, IA",A,92,15195,1100-1340,AMES, IA,1100,1340,1220.0
147,University of Central Florida,148,"ORLANDO, FL",A,44,11617,1170-1340,ORLANDO, FL,1170,1340,1255.0
148,University of Iowa,149,"IOWA CITY, IA",A,83,17008,1130-1340,IOWA CITY, IA,1130,1340,1235.0
149,Arizona State University,150,"TEMPE, AZ",A,86,14081,1120-1360,TEMPE, AZ,1120,1360,1240.0
150,Hendrix College,151,"CONWAY, AR",A,70,20859,1150-1360,CONWAY, AR,1150,1360,1255.0
151,University of Dayton,152,"DAYTON, OH",A,72,33372,1120-1320,DAYTON, OH,1120,1320,1220.0
152,University of South Carolina,153,"COLUMBIA, SC",A,69,21787,1180-1370,COLUMBIA, SC,1180,1370,1275.0
153,Mississippi State University,154,"MISSISSIPPI STATE, MS",A,54,16471,1070-1280,MISSISSIPPI STATE, MS,1070,1280,1175.0
154,Lewis & Clark College,155,"PORTLAND, OR",A,72,36026,1220-1400,PORTLAND, OR,1220,1400,1310.0
155,University of Oklahoma,156,"NORMAN, OK",A,80,21804,1110-1310,NORMAN, OK,1110,1310,1210.0
156,University of Connecticut,157,"STORRS, CT",A,49,20042,1200-1410,STORRS, CT,1200,1410,1305.0
157,University of St. Thomas - Minnesota,158,"SAINT PAUL, MN",A,81,29645,1160-1350,SAINT PAUL, MN,1160,1350,1255.0
158,Bentley University,159,"WALTHAM, MA",A,47,41582,1230-1410,WALTHAM, MA,1230,1410,1320.0
159,Syracuse University,160,"SYRACUSE, NY",A,44,43111,1180-1380,SYRACUSE, NY,1180,1380,1280.0
160,Fairfield University,161,"FAIRFIELD, CT",A,57,39546,1210-1350,FAIRFIELD, CT,1210,1350,1280.0
161,LeTourneau University,162,"LONGVIEW, TX",A,45,24609,1090-1310,LONGVIEW, TX,1090,1310,1200.0
162,University of South Florida - Sarasota-Manatee,163,"SARASOTA, FL",A,24,2734,1160-1290,SARASOTA, FL,1160,1290,1225.0
163,Washington State University,164,"PULLMAN, WA",A,76,18002,1020-1230,PULLMAN, WA,1020,1230,1125.0
164,Drake University,165,"DES MOINES, IA",A,68,30265,1100-1370,DES MOINES, IA,1100,1370,1235.0
165,University of Missouri,166,"COLUMBIA, MO",A,81,15850,1120-1340,COLUMBIA, MO,1120,1340,1230.0
166,University of Cincinnati,167,"CINCINNATI, OH",A,77,19219,1120-1350,CINCINNATI, OH,1120,1350,1235.0
167,Texas Tech University,168,"LUBBOCK, TX",A,69,16463,1070-1260,LUBBOCK, TX,1070,1260,1165.0
168,Milwaukee School of Engineering,169,"MILWAUKEE, WI",A,62,25917,1180-1370,MILWAUKEE, WI,1180,1370,1275.0
169,Chapman University,170,"ORANGE, CA",A,56,43767,1190-1380,ORANGE, CA,1190,1380,1285.0
170,American University,171,"WASHINGTON, DC",A,36,40469,1210-1390,WASHINGTON, DC,1210,1390,1300.0
171,Kansas State University,172,"MANHATTAN, KS",A,95,18103,,MANHATTAN, KS,,,
172,California State University - Long Beach,173,"LONG BEACH, CA",A,39,9903,1040-1250,LONG BEACH, CA,1040,1250,1145.0
173,University of Arizona,174,"TUCSON, AZ",A,85,16580,1110-1360,TUCSON, AZ,1110,1360,1235.0
174,Gustavus Adolphus College,175,"SAINT PETER, MN",A,69,21707,1080-1340,SAINT PETER, MN,1080,1340,1210.0
175,Point Loma Nazarene University,176,"SAN DIEGO, CA",A,74,33183,1140-1310,SAN DIEGO, CA,1140,1310,1225.0
176,Trinity College - Connecticut,177,"HARTFORD, CT",A,33,27829,1300-1450,HARTFORD, CT,1300,1450,1375.0
177,Florida International University,178,"MIAMI, FL",A,58,9888,1110-1280,MIAMI, FL,1110,1280,1195.0
178,University of Arkansas,179,"FAYETTEVILLE, AR",A,77,16263,1120-1300,FAYETTEVILLE, AR,1120,1300,1210.0
179,Creighton University,180,"OMAHA, NE",A,74,32145,1170-1350,OMAHA, NE,1170,1350,1260.0
180,"Binghamton University, SUNY",181,"VESTAL, NY",A,41,17424,1280-1440,VESTAL, NY,1280,1440,1360.0
181,Temple University,182,"PHILADELPHIA, PA",A,60,23032,1010-1230,PHILADELPHIA, PA,1010,1230,1120.0
182,University of South Florida - St. Petersburg,183,"ST. PETERSBURG, FL",A,27,10841,1140-1280,ST. PETERSBURG, FL,1140,1280,1210.0
183,University of Portland,184,"PORTLAND, OR",A,77,36051,1150-1350,PORTLAND, OR,1150,1350,1250.0
184,St. Lawrence University,185,"CANTON, NY",A,42,34047,1180-1350,CANTON, NY,1180,1350,1265.0
185,University of Mississippi,186,"UNIVERSITY, MS",A,88,14672,1020-1250,UNIVERSITY, MS,1020,1250,1135.0
186,Miami University,187,"OXFORD, OH",A,80,22989,1190-1390,OXFORD, OH,1190,1390,1290.0
187,University of Nebraska - Lincoln,188,"LINCOLN, NE",A,78,17093,1120-1360,LINCOLN, NE,1120,1360,1240.0
188,College of Wooster,189,"WOOSTER, OH",A,55,28209,1150-1380,WOOSTER, OH,1150,1380,1265.0
189,"University at Buffalo, SUNY",190,"BUFFALO, NY",A,61,17264,1160-1340,BUFFALO, NY,1160,1340,1250.0
190,University of Alabama - Birmingham,191,"BIRMINGHAM, AL",A,74,17068,1090-1360,BIRMINGHAM, AL,1090,1360,1225.0
191,The University of Alabama,192,"TUSCALOOSA, AL",A,83,20623,1080-1340,TUSCALOOSA, AL,1080,1340,1210.0
192,Augustana University,193,"SIOUX FALLS, SD",A,67,24481,1090-1360,SIOUX FALLS, SD,1090,1360,1225.0
193,Oberlin College,194,"OBERLIN, OH",A,36,43612,1280-1480,OBERLIN, OH,1280,1480,1380.0
194,Lawrence University,195,"APPLETON, WI",A,62,26162,1200-1430,APPLETON, WI,1200,1430,1315.0
195,DigiPen Institute of Technology,196,"REDMOND, WA",A,34,34874,1130-1400,REDMOND, WA,1130,1400,1265.0
196,College of the Ozarks,197,"POINT LOOKOUT, MO",A,10,11316,960-1200,POINT LOOKOUT, MO,960,1200,1080.0
197,University of Denver,198,"DENVER, CO",A,59,37263,1170-1350,DENVER, CO,1170,1350,1260.0
198,South Dakota School of Mines & Technology,199,"RAPID CITY, SD",A,77,19444,1160-1360,RAPID CITY, SD,1160,1360,1260.0
199,University of Colorado - Boulder,200,"BOULDER, CO",A,78,22077,1140-1360,BOULDER, CO,1140,1360,1250.0
200,Loyola University Maryland,201,"BALTIMORE, MD",A,80,37918,1100-1267,BALTIMORE, MD,1100,1267,1183.5
201,Drexel University,202,"PHILADELPHIA, PA",A,75,38025,1190-1390,PHILADELPHIA, PA,1190,1390,1290.0
202,Gonzaga University,203,"SPOKANE, WA",A,62,36578,1200-1360,SPOKANE, WA,1200,1360,1280.0
203,University of Kansas,204,"LAWRENCE, KS",A,93,19195,,LAWRENCE, KS,,,
204,Union University,205,"JACKSON, TN",A,53,31980,1060-1280,JACKSON, TN,1060,1280,1170.0
205,Embry-Riddle Aeronautical University - Daytona Beach,206,"DAYTONA BEACH, FL",A,61,36063,1080-1310,DAYTONA BEACH, FL,1080,1310,1195.0
206,University of Wyoming,207,"LARAMIE, WY",A,96,12880,1060-1280,LARAMIE, WY,1060,1280,1170.0
207,John Carroll University,208,"UNIVERSITY HEIGHTS, OH",A,86,27260,1080-1280,UNIVERSITY HEIGHTS, OH,1080,1280,1180.0
208,University of Texas - Dallas,209,"RICHARDSON, TX",A,79,10455,1240-1460,RICHARDSON, TX,1240,1460,1350.0
209,Louisiana Tech University,210,"RUSTON, LA",A,64,12261,1060-1260,RUSTON, LA,1060,1260,1160.0
210,Colorado State University,211,"FORT COLLINS, CO",A,81,16793,1070-1290,FORT COLLINS, CO,1070,1290,1180.0
211,University of Oregon,212,"EUGENE, OR",A,82,16080,1100-1310,EUGENE, OR,1100,1310,1205.0
212,Ouachita Baptist University,213,"ARKADELPHIA, AR",A,61,19962,1060-1250,ARKADELPHIA, AR,1060,1250,1155.0
213,San Diego State University,214,"SAN DIEGO, CA",A,34,14499,1110-1320,SAN DIEGO, CA,1110,1320,1215.0
214,Hope College,215,"HOLLAND, MI",A,86,29248,1130-1330,HOLLAND, MI,1130,1330,1230.0
215,Marquette University,216,"MILWAUKEE, WI",A,83,34120,1120-1320,MILWAUKEE, WI,1120,1320,1220.0
216,Maine Maritime Academy,217,"CASTINE, ME",A,45,20728,1010-1200,CASTINE, ME,1010,1200,1105.0
217,University of San Francisco,218,"SAN FRANCISCO, CA",A,64,38422,1130-1330,SAN FRANCISCO, CA,1130,1330,1230.0
218,The College of New Jersey,219,"EWING, NJ",A,49,23945,1160-1360,EWING, NJ,1160,1360,1260.0
219,Oregon State University,220,"CORVALLIS, OR",A,82,19273,1080-1320,CORVALLIS, OR,1080,1320,1200.0
220,Sewanee - The University of the South,221,"SEWANEE, TN",A,67,34971,1150-1340,SEWANEE, TN,1150,1340,1245.0
221,DePauw University,222,"GREENCASTLE, IN",A,64,29557,1130-1360,GREENCASTLE, IN,1130,1360,1245.0
222,United States Merchant Marine Academy,223,"KINGS POINT, NY",A,25,4617,1190-1330,KINGS POINT, NY,1190,1330,1260.0
223,CUNY Baruch College,224,"NEW YORK, NY",A,43,3931,1170-1350,NEW YORK, NY,1170,1350,1260.0
224,University of Houston,225,"HOUSTON, TX",A,65,13212,1140-1310,HOUSTON, TX,1140,1310,1225.0
225,Biola University,226,"LA MIRADA, CA",A,70,33331,1080-1310,LA MIRADA, CA,1080,1310,1195.0
226,Moody Bible Institute,227,"CHICAGO, IL",A,94,16247,990-1200,CHICAGO, IL,990,1200,1095.0
227,Thomas Jefferson University,228,"PHILADELPHIA, PA",A,66,27303,1070-1260,PHILADELPHIA, PA,1070,1260,1165.0
228,Calvin University,229,"GRAND RAPIDS, MI",A,77,27952,1140-1360,GRAND RAPIDS, MI,1140,1360,1250.0
229,DePaul University,230,"CHICAGO, IL",A,68,32022,1050-1260,CHICAGO, IL,1050,1260,1155.0
230,Connecticut College,231,"NEW LONDON, CT",A,37,40707,1310-1450,NEW LONDON, CT,1310,1450,1380.0
231,University of Dallas,232,"IRVING, TX",A,45,26761,1130-1360,IRVING, TX,1130,1360,1245.0
232,Ohio Northern University,233,"ADA, OH",A,70,24821,1100-1310,ADA, OH,1100,1310,1205.0
233,Florida Institute of Technology,234,"MELBOURNE, FL",A,66,32776,1150-1360,MELBOURNE, FL,1150,1360,1255.0
234,Luther College,235,"DECORAH, IA",A,62,23805,1030-1260,DECORAH, IA,1030,1260,1145.0
235,Illinois Wesleyan University,236,"BLOOMINGTON, IL",A,61,28912,1120-1320,BLOOMINGTON, IL,1120,1320,1220.0
236,University of Scranton,237,"SCRANTON, PA",A,76,36235,1120-1310,SCRANTON, PA,1120,1310,1215.0
237,Missouri University of Science & Technology,238,"ROLLA, MO",A,79,13954,1200-1450,ROLLA, MO,1200,1450,1325.0
238,Clark University,239,"WORCESTER, MA",A,53,30158,,WORCESTER, MA,,,
239,Fordham University,240,"BRONX, NY",A,46,39558,1240-1450,BRONX, NY,1240,1450,1345.0
240,Albany College of Pharmacy & Health Sciences,241,"ALBANY, NY",A,71,30358,1150-1330,ALBANY, NY,1150,1330,1240.0
241,University of Tennessee,242,"KNOXVILLE, TN",A,79,21024,1150-1330,KNOXVILLE, TN,1150,1330,1240.0
242,Wofford College,243,"SPARTANBURG, SC",A,60,28033,1190-1350,SPARTANBURG, SC,1190,1350,1270.0
243,University of California - Riverside,244,"RIVERSIDE, CA",A,57,13045,1130-1330,RIVERSIDE, CA,1130,1330,1230.0
244,Rollins College,245,"WINTER PARK, FL",A,58,35661,1100-1290,WINTER PARK, FL,1100,1290,1195.0
245,Liberty University,246,"LYNCHBURG, VA",A,51,28181,1040-1260,LYNCHBURG, VA,1040,1260,1150.0
246,Rockhurst University,247,"KANSAS CITY, MO",A,64,22688,1080-1260,KANSAS CITY, MO,1080,1260,1170.0
247,Samford University,248,"BIRMINGHAM, AL",A,83,30695,1070-1250,BIRMINGHAM, AL,1070,1250,1160.0
248,University of Colorado Denver,249,"DENVER, CO",A,67,15865,1000-1220,DENVER, CO,1000,1220,1110.0
249,Lake Forest College,250,"LAKE FOREST, IL",A,55,26148,1020-1240,LAKE FOREST, IL,1020,1240,1130.0
250,Ohio University,251,"ATHENS, OH",A,82,22521,1050-1260,ATHENS, OH,1050,1260,1155.0
251,"University of Maryland, Baltimore County",252,"BALTIMORE, MD",A,61,17094,1180-1360,BALTIMORE, MD,1180,1360,1270.0
252,Mercer University,253,"MACON, GA",A,74,21696,1170-1340,MACON, GA,1170,1340,1255.0
253,Butler University,254,"INDIANAPOLIS, IN",A,73,39923,1150-1330,INDIANAPOLIS, IN,1150,1330,1240.0
254,Kalamazoo College,255,"KALAMAZOO, MI",A,76,26480,1170-1370,KALAMAZOO, MI,1170,1370,1270.0
255,Harding University,256,"SEARCY, AR",A,61,19578,1060-1270,SEARCY, AR,1060,1270,1165.0
256,Rutgers University - Newark,257,"NEWARK, NJ",A,72,11981,1020-1200,NEWARK, NJ,1020,1200,1110.0
257,Louisiana State University,258,"BATON ROUGE, LA",A,75,18143,1080-1310,BATON ROUGE, LA,1080,1310,1195.0
258,Augustana College - Illinois,259,"ROCK ISLAND, IL",A,57,24706,,ROCK ISLAND, IL,,,
259,Embry-Riddle Aeronautical University - Prescott,260,"PRESCOTT, AZ",A,66,36962,1130-1350,PRESCOTT, AZ,1130,1350,1240.0
260,University of the Pacific,261,"STOCKTON, CA",A,66,33178,1120-1360,STOCKTON, CA,1120,1360,1240.0
261,St. Norbert College,262,"DE PERE, WI",A,80,26540,1000-1300,DE PERE, WI,1000,1300,1150.0
262,Valparaiso University,263,"VALPARAISO, IN",A,86,21824,1070-1290,VALPARAISO, IN,1070,1290,1180.0
263,Citadel Military College of South Carolina,264,"CHARLESTON, SC",A,75,17723,1050-1230,CHARLESTON, SC,1050,1230,1140.0
264,Saint Joseph's University,265,"PHILADELPHIA, PA",A,75,35242,1120-1300,PHILADELPHIA, PA,1120,1300,1210.0
265,Lipscomb University,266,"NASHVILLE, TN",A,63,26013,1080-1290,NASHVILLE, TN,1080,1290,1185.0
266,Emerson College,267,"BOSTON, MA",A,33,46381,1200-1410,BOSTON, MA,1200,1410,1305.0
267,Rochester Institute of Technology,268,"ROCHESTER, NY",A,71,33744,1220-1410,ROCHESTER, NY,1220,1410,1315.0
268,Providence College,269,"PROVIDENCE, RI",A,47,35796,1210-1350,PROVIDENCE, RI,1210,1350,1280.0
269,Whitworth University,270,"SPOKANE, WA",A,91,26249,1050-1290,SPOKANE, WA,1050,1290,1170.0
270,Duquesne University,271,"PITTSBURGH, PA",A,74,30732,1130-1300,PITTSBURGH, PA,1130,1300,1215.0
271,University of New Hampshire,272,"DURHAM, NH",A,84,24056,1070-1270,DURHAM, NH,1070,1270,1170.0
272,Hobart and William Smith Colleges,273,"GENEVA, NY",A,66,37761,1180-1360,GENEVA, NY,1180,1360,1270.0
273,Muhlenberg College,274,"ALLENTOWN, PA",A,66,33603,1150-1340,ALLENTOWN, PA,1150,1340,1245.0
274,Appalachian State University,275,"BOONE, NC",A,77,10525,1100-1270,BOONE, NC,1100,1270,1185.0
275,West Virginia University,276,"MORGANTOWN, WV",A,84,12743,1030-1230,MORGANTOWN, WV,1030,1230,1130.0
276,Seton Hall University,277,"SOUTH ORANGE, NJ",A,74,30909,1150-1330,SOUTH ORANGE, NJ,1150,1330,1240.0
277,St. Bonaventure University,278,"ST. BONAVENTURE, NY",A,75,23445,1030-1240,ST. BONAVENTURE, NY,1030,1240,1135.0
278,Willamette University,279,"SALEM, OR",A,78,36223,1100-1330,SALEM, OR,1100,1330,1215.0
279,Taylor University,280,"UPLAND, IN",A,68,26703,1080-1310,UPLAND, IN,1080,1310,1195.0
280,Pacific Lutheran University,281,"TACOMA, WA",B+,86,25362,1080-1290,TACOMA, WA,1080,1290,1185.0
281,The University of Alabama in Huntsville,282,"HUNTSVILLE, AL",B+,83,15118,1240-1490,HUNTSVILLE, AL,1240,1490,1365.0
282,University of Wisconsin - La Crosse,283,"LA CROSSE, WI",B+,73,12167,,LA CROSSE, WI,,,
283,Bard College,284,"ANNANDALE-ON-HUDSON, NY",B+,65,27652,,ANNANDALE-ON-HUDSON, NY,,,
284,University of the Sciences,285,"PHILADELPHIA, PA",B+,71,34888,1120-1310,PHILADELPHIA, PA,1120,1310,1215.0
285,University of Minnesota Crookston,286,"CROOKSTON, MN",B+,68,11483,1000-1180,CROOKSTON, MN,1000,1180,1090.0
286,The University of Baltimore,287,"BALTIMORE, MD",B+,78,23335,970-1140,BALTIMORE, MD,970,1140,1055.0
287,John Brown University,288,"SILOAM SPRINGS, AR",B+,76,21912,1060-1260,SILOAM SPRINGS, AR,1060,1260,1160.0
288,Illinois Institute of Technology,289,"CHICAGO, IL",B+,60,26708,1190-1400,CHICAGO, IL,1190,1400,1295.0
289,Cedarville University,290,"CEDARVILLE, OH",B+,79,23827,1120-1350,CEDARVILLE, OH,1120,1350,1235.0
290,"Stony Brook University, SUNY",291,"STONY BROOK, NY",B+,44,15605,1230-1440,STONY BROOK, NY,1230,1440,1335.0
291,Loyola University Chicago,292,"CHICAGO, IL",B+,67,36388,1130-1320,CHICAGO, IL,1130,1320,1225.0
292,Bryant University,293,"SMITHFIELD, RI",B+,71,40038,1050-1220,SMITHFIELD, RI,1050,1220,1135.0
293,University of Idaho,294,"MOSCOW, ID",B+,78,15017,1010-1240,MOSCOW, ID,1010,1240,1125.0
294,University of Kentucky,295,"LEXINGTON, KY",B+,96,18958,1070-1320,LEXINGTON, KY,1070,1320,1195.0
295,The Master's University,296,"SANTA CLARITA, CA",B+,67,30268,990-1250,SANTA CLARITA, CA,990,1250,1120.0
296,University of Louisville,297,"LOUISVILLE, KY",B+,69,17490,1070-1290,LOUISVILLE, KY,1070,1290,1180.0
297,Loras College,298,"DUBUQUE, IA",B+,75,21751,960-1140,DUBUQUE, IA,960,1140,1050.0
298,Clarkson University,299,"POTSDAM, NY",B+,75,29891,1160-1350,POTSDAM, NY,1160,1350,1255.0
299,Seattle Pacific University,300,"SEATTLE, WA",B+,91,27947,1020-1250,SEATTLE, WA,1020,1250,1135.0
300,The Catholic University of America,301,"WASHINGTON, DC",B+,85,36331,1020-1230,WASHINGTON, DC,1020,1230,1125.0
301,Southwestern University,302,"GEORGETOWN, TX",B+,49,27757,1140-1320,GEORGETOWN, TX,1140,1320,1230.0
302,Allegheny College,303,"MEADVILLE, PA",B+,62,24227,1170-1360,MEADVILLE, PA,1170,1360,1265.0
303,University of Missouri - Kansas City,304,"KANSAS CITY, MO",B+,61,14921,980-1330,KANSAS CITY, MO,980,1330,1155.0
304,University of Evansville,305,"EVANSVILLE, IN",B+,71,21978,1090-1290,EVANSVILLE, IN,1090,1290,1190.0
305,St. Mary's College of Maryland,306,"ST. MARY'S CITY, MD",B+,84,20996,1060-1290,ST. MARY'S CITY, MD,1060,1290,1175.0
306,Earlham College,307,"RICHMOND, IN",B+,63,23043,1100-1370,RICHMOND, IN,1100,1370,1235.0
307,Hollins University,308,"ROANOKE, VA",B+,71,20457,1070-1300,ROANOKE, VA,1070,1300,1185.0
308,New Mexico Tech,309,"SOCORRO, NM",B+,80,14908,1170-1380,SOCORRO, NM,1170,1380,1275.0
309,Cornell College,310,"MOUNT VERNON, IA",B+,62,28566,1100-1340,MOUNT VERNON, IA,1100,1340,1220.0
310,The New School,311,"NEW YORK, NY",B+,57,50377,1150-1380,NEW YORK, NY,1150,1380,1265.0
311,Dordt University,312,"SIOUX CENTER, IA",B+,75,26570,1030-1340,SIOUX CENTER, IA,1030,1340,1185.0
312,SUNY College of Environmental Science & Forestry,313,"SYRACUSE, NY",B+,70,20215,1120-1300,SYRACUSE, NY,1120,1300,1210.0
313,Bradley University,314,"PEORIA, IL",B+,70,26791,1070-1270,PEORIA, IL,1070,1270,1170.0
314,Concordia College,315,"MOORHEAD, MN",B+,68,23970,960-1340,MOORHEAD, MN,960,1340,1150.0
315,Loyola University New Orleans,316,"NEW ORLEANS, LA",B+,75,24494,1050-1260,NEW ORLEANS, LA,1050,1260,1155.0
316,University of Vermont,317,"BURLINGTON, VT",B+,67,19185,1180-1360,BURLINGTON, VT,1180,1360,1270.0
317,CUNY Lehman College,318,"BRONX, NY",B+,38,2709,1010-1130,BRONX, NY,1010,1130,1070.0
318,Agnes Scott College,319,"DECATUR, GA",B+,65,21893,,DECATUR, GA,,,
319,Virginia Commonwealth University,320,"RICHMOND, VA",B+,87,20968,1070-1260,RICHMOND, VA,1070,1260,1165.0
320,CUNY John Jay College of Criminal Justice,321,"NEW YORK, NY",B+,41,3814,980-1130,NEW YORK, NY,980,1130,1055.0
321,Hampden-Sydney College,322,"HAMPDEN-SYDNEY, VA",B+,57,34853,1060-1320,HAMPDEN-SYDNEY, VA,1060,1320,1190.0
322,New Jersey Institute of Technology,323,"NEWARK, NJ",B+,73,18359,1190-1390,NEWARK, NJ,1190,1390,1290.0
323,University of Puget Sound,324,"TACOMA, WA",B+,84,39011,1110-1330,TACOMA, WA,1110,1330,1220.0
324,New Mexico State University,325,"LAS CRUCES, NM",B+,55,9930,950-1150,LAS CRUCES, NM,950,1150,1050.0
325,Franciscan Missionaries of Our Lady University,326,"BATON ROUGE, LA",B+,57,15073,,BATON ROUGE, LA,,,
326,William Carey University,327,"HATTIESBURG, MS",B+,55,10397,950-1180,HATTIESBURG, MS,950,1180,1065.0
327,St. Mary's University,328,"SAN ANTONIO, TX",B+,79,19528,1040-1220,SAN ANTONIO, TX,1040,1220,1130.0
328,Fashion Institute of Technology,329,"NEW YORK, NY",B+,54,8623,,NEW YORK, NY,,,
329,University of Illinois at Chicago,330,"CHICAGO, IL",B+,73,12322,1030-1260,CHICAGO, IL,1030,1260,1145.0
330,University of West Florida,331,"PENSACOLA, FL",B+,31,7515,1080-1260,PENSACOLA, FL,1080,1260,1170.0
331,William Jessup University,332,"ROCKLIN, CA",B+,65,22968,950-1210,ROCKLIN, CA,950,1210,1080.0
332,St. John Fisher College,333,"ROCHESTER, NY",B+,64,28468,1070-1260,ROCHESTER, NY,1070,1260,1165.0
333,Pratt Institute,334,"BROOKLYN, NY",B+,56,45880,1160-1380,BROOKLYN, NY,1160,1380,1270.0
334,Utah State University,335,"LOGAN, UT",B+,91,13452,1050-1310,LOGAN, UT,1050,1310,1180.0
335,Christopher Newport University,336,"NEWPORT NEWS, VA",B+,72,25443,1110-1280,NEWPORT NEWS, VA,1110,1280,1195.0
336,Centre College,337,"DANVILLE, KY",B+,76,24226,1130-1380,DANVILLE, KY,1130,1380,1255.0
337,St. Catherine University,338,"SAINT PAUL, MN",B+,67,20172,1080-1270,SAINT PAUL, MN,1080,1270,1175.0
338,University of La Verne,339,"LA VERNE, CA",B+,55,27933,1040-1190,LA VERNE, CA,1040,1190,1115.0
339,Spelman College,340,"ATLANTA, GA",B+,43,43042,1080-1230,ATLANTA, GA,1080,1230,1155.0
340,Oral Roberts University,341,"TULSA, OK",B+,68,20872,990-1240,TULSA, OK,990,1240,1115.0
341,Berea College,342,"BEREA, KY",B+,30,5156,1090-1300,BEREA, KY,1090,1300,1195.0
342,Manhattan College,343,"RIVERDALE, NY",B+,74,29943,1060-1280,RIVERDALE, NY,1060,1280,1170.0
343,Westmont College,344,"SANTA BARBARA, CA",B+,65,32663,1100-1330,SANTA BARBARA, CA,1100,1330,1215.0
344,University of North Carolina - Wilmington,345,"WILMINGTON, NC",B+,65,17981,1170-1320,WILMINGTON, NC,1170,1320,1245.0
345,Johnson University,346,"KNOXVILLE, TN",B+,53,18921,1010-1210,KNOXVILLE, TN,1010,1210,1110.0
346,Nebraska Wesleyan University,347,"LINCOLN, NE",B+,68,24015,1070-1240,LINCOLN, NE,1070,1240,1155.0
347,Marist College,348,"POUGHKEEPSIE, NY",B+,49,38715,,POUGHKEEPSIE, NY,,,
348,University of St. Thomas - Texas,349,"HOUSTON, TX",B+,87,19544,1060-1240,HOUSTON, TX,1060,1240,1150.0
349,The University of Virginia's College at Wise,350,"WISE, VA",B+,59,10432,970-1160,WISE, VA,970,1160,1065.0
350,Hanover College,351,"HANOVER, IN",B+,65,22376,1030-1240,HANOVER, IN,1030,1240,1135.0
351,University of Northern Iowa,352,"CEDAR FALLS, IA",B+,79,15760,980-1240,CEDAR FALLS, IA,980,1240,1110.0
352,Saint John's University - Minnesota,353,"COLLEGEVILLE, MN",B+,78,27126,1000-1180,COLLEGEVILLE, MN,1000,1180,1090.0
353,George Mason University,354,"FAIRFAX, VA",B+,87,20157,1110-1320,FAIRFAX, VA,1110,1320,1215.0
354,University of Minnesota Duluth,355,"DULUTH, MN",B+,75,16828,1110-1360,DULUTH, MN,1110,1360,1235.0
355,University of Nevada - Reno,356,"RENO, NV",B+,88,16253,1070-1290,RENO, NV,1070,1290,1180.0
356,California Baptist University,357,"RIVERSIDE, CA",B+,78,23055,990-1210,RIVERSIDE, CA,990,1210,1100.0
357,California State University - Fullerton,358,"FULLERTON, CA",B+,53,8294,1030-1200,FULLERTON, CA,1030,1200,1115.0
358,Eastern Mennonite University,359,"HARRISONBURG, VA",B+,65,24936,980-1220,HARRISONBURG, VA,980,1220,1100.0
359,Northwestern College - Iowa,360,"ORANGE CITY, IA",B+,70,24085,1030-1250,ORANGE CITY, IA,1030,1250,1140.0
360,Azusa Pacific University,361,"AZUSA, CA",B+,67,27707,1030-1260,AZUSA, CA,1030,1260,1145.0
361,University of North Carolina School of the Arts,362,"WINSTON SALEM, NC",B+,29,12579,1090-1290,WINSTON SALEM, NC,1090,1290,1190.0
362,University of North Texas,363,"DENTON, TX",B+,74,14020,1060-1250,DENTON, TX,1060,1250,1155.0
363,SUNY Maritime College,364,"THROGGS NECK, NY",B+,74,18411,1090-1260,THROGGS NECK, NY,1090,1260,1175.0
364,University of California - Santa Cruz,365,"SANTA CRUZ, CA",B+,51,17889,1200-1380,SANTA CRUZ, CA,1200,1380,1290.0
365,D'Youville,366,"BUFFALO, NY",B+,88,19659,1080-1200,BUFFALO, NY,1080,1200,1140.0
366,Millsaps College,367,"JACKSON, MS",B+,69,24457,1080-1290,JACKSON, MS,1080,1290,1185.0
367,The College of Idaho,368,"CALDWELL, ID",B+,49,21043,920-1190,CALDWELL, ID,920,1190,1055.0
368,Maryville University,369,"SAINT LOUIS, MO",B+,83,29357,1040-1250,SAINT LOUIS, MO,1040,1250,1145.0
369,University of North Florida,370,"JACKSONVILLE, FL",B+,72,9857,1090-1260,JACKSONVILLE, FL,1090,1260,1175.0
370,Seattle University,371,"SEATTLE, WA",B+,78,35569,1150-1320,SEATTLE, WA,1150,1320,1235.0
371,University of North Dakota,372,"GRAND FORKS, ND",B+,81,15654,1010-1250,GRAND FORKS, ND,1010,1250,1130.0
372,Howard University,373,"WASHINGTON, DC",B+,36,21428,1130-1280,WASHINGTON, DC,1130,1280,1205.0
373,Truman State University,374,"KIRKSVILLE, MO",B+,63,12912,1150-1350,KIRKSVILLE, MO,1150,1350,1250.0
374,Manhattan School of Music,375,"NEW YORK, NY",B+,36,41832,,NEW YORK, NY,,,
375,University of Michigan - Dearborn,376,"DEARBORN, MI",B+,62,10634,1070-1300,DEARBORN, MI,1070,1300,1185.0
376,Montana State University,377,"BOZEMAN, MT",B+,82,16746,1090-1310,BOZEMAN, MT,1090,1310,1200.0
377,Bob Jones University,378,"GREENVILLE, SC",B+,100,14570,960-1180,GREENVILLE, SC,960,1180,1070.0
378,University of Massachusetts - Lowell,379,"LOWELL, MA",B+,73,18183,1150-1320,LOWELL, MA,1150,1320,1235.0
379,Austin College,380,"SHERMAN, TX",B+,51,23824,1110-1310,SHERMAN, TX,1110,1310,1210.0
380,Mississippi College,381,"CLINTON, MS",B+,42,18040,1060-1230,CLINTON, MS,1060,1230,1145.0
381,College of Saint Benedict,382,"SAINT JOSEPH, MN",B+,80,28177,1040-1260,SAINT JOSEPH, MN,1040,1260,1150.0
382,University of North Carolina at Charlotte,383,"CHARLOTTE, NC",B+,65,15200,1120-1290,CHARLOTTE, NC,1120,1290,1205.0
383,North Dakota State University,384,"FARGO, ND",B+,94,16330,1040-1260,FARGO, ND,1040,1260,1150.0
384,Florida Atlantic University,385,"BOCA RATON, FL",B+,63,9861,1080-1240,BOCA RATON, FL,1080,1240,1160.0
385,SUNY New Paltz,386,"NEW PALTZ, NY",B+,45,15496,1090-1280,NEW PALTZ, NY,1090,1280,1185.0
386,Susquehanna University,387,"SELINSGROVE, PA",B+,72,27079,1020-1230,SELINSGROVE, PA,1020,1230,1125.0
387,University of Nebraska at Kearney,388,"KEARNEY, NE",B+,85,15890,990-1170,KEARNEY, NE,990,1170,1080.0
388,Arizona State University - Downtown Phoenix Campus,389,"PHOENIX, AZ",B+,82,13764,1080-1270,PHOENIX, AZ,1080,1270,1175.0
389,Wheaton College - Massachusetts,390,"NORTON, MA",B+,74,29688,1180-1350,NORTON, MA,1180,1350,1265.0
390,University of Washington - Bothell,391,"BOTHELL, WA",B+,74,9469,1020-1260,BOTHELL, WA,1020,1260,1140.0
391,Alfred University,392,"ALFRED, NY",B+,62,21646,940-1180,ALFRED, NY,940,1180,1060.0
392,University of Southern Mississippi,393,"HATTIESBURG, MS",B+,97,14485,940-1190,HATTIESBURG, MS,940,1190,1065.0
393,Towson University,394,"TOWSON, MD",B+,76,16161,1060-1220,TOWSON, MD,1060,1220,1140.0
394,Whittier College,395,"WHITTIER, CA",B+,57,26363,1040-1220,WHITTIER, CA,1040,1220,1130.0
395,Birmingham-Southern College,396,"BIRMINGHAM, AL",B+,54,23452,1110-1310,BIRMINGHAM, AL,1110,1310,1210.0
396,University of Tampa,397,"TAMPA, FL",B+,45,31278,1100-1250,TAMPA, FL,1100,1250,1175.0
397,Roanoke College,398,"SALEM, VA",B+,75,27180,1050-1260,SALEM, VA,1050,1260,1155.0
398,Florida Gulf Coast University,399,"FORT MYERS, FL",B+,67,11621,1060-1210,FORT MYERS, FL,1060,1210,1135.0
399,Keiser University - Fort Lauderdale,400,"FORT LAUDERDALE, FL",B+,100,30437,,FORT LAUDERDALE, FL,,,
400,Stetson University,401,"DELAND, FL",B+,72,23761,1070-1270,DELAND, FL,1070,1270,1170.0
401,Wayne State University,402,"DETROIT, MI",B+,73,15012,1010-1230,DETROIT, MI,1010,1230,1120.0
402,Sarah Lawrence College,403,"BRONXVILLE, NY",B+,53,40630,1240-1420,BRONXVILLE, NY,1240,1420,1330.0
403,Berry College,404,"MOUNT BERRY, GA",B+,71,25192,1090-1320,MOUNT BERRY, GA,1090,1320,1205.0
404,University of Mobile,405,"MOBILE, AL",B+,46,21847,1010-1160,MOBILE, AL,1010,1160,1085.0
405,Georgia Southern University,406,"STATESBORO, GA",B+,54,15374,1050-1200,STATESBORO, GA,1050,1200,1125.0
406,Hofstra University,407,"HEMPSTEAD, NY",B+,68,32975,1160-1340,HEMPSTEAD, NY,1160,1340,1250.0
407,Southern Wesleyan University,408,"CENTRAL, SC",B+,35,17978,950-1150,CENTRAL, SC,950,1150,1050.0
408,Monmouth University,409,"WEST LONG BRANCH, NJ",B+,77,30945,1050-1240,WEST LONG BRANCH, NJ,1050,1240,1145.0
409,Gordon College,410,"WENHAM, MA",B+,74,29047,1060-1310,WENHAM, MA,1060,1310,1185.0
410,"Penn State Fayette, The Eberly Campus",411,"LEMONT FURNACE, PA",B+,80,16496,960-1190,LEMONT FURNACE, PA,960,1190,1075.0
411,Salisbury University,412,"SALISBURY, MD",B+,74,19271,1080-1230,SALISBURY, MD,1080,1230,1155.0
412,Oklahoma City University,413,"OKLAHOMA CITY, OK",B+,75,24264,1100-1300,OKLAHOMA CITY, OK,1100,1300,1200.0
413,University of Nebraska at Omaha,414,"OMAHA, NE",B+,83,12899,840-1100,OMAHA, NE,840,1100,970.0
414,Ithaca College,415,"ITHACA, NY",B+,73,34942,,ITHACA, NY,,,
415,Mount Saint Mary's University - Los Angeles,416,"LOS ANGELES, CA",B+,90,29708,920-1170,LOS ANGELES, CA,920,1170,1045.0
416,California Institute of the Arts,417,"VALENCIA, CA",B+,25,54594,,VALENCIA, CA,,,
417,Western Michigan University,418,"KALAMAZOO, MI",B+,80,17028,1000-1210,KALAMAZOO, MI,1000,1210,1105.0
418,Beloit College,419,"BELOIT, WI",B+,62,24493,1080-1380,BELOIT, WI,1080,1380,1230.0
419,Eckerd College,420,"SAINT PETERSBURG, FL",B+,67,36033,1090-1280,SAINT PETERSBURG, FL,1090,1280,1185.0
420,College of Charleston,421,"CHARLESTON, SC",B+,78,19764,1080-1260,CHARLESTON, SC,1080,1260,1170.0
421,University of Washington - Tacoma,422,"TACOMA, WA",B+,87,10620,980-1190,TACOMA, WA,980,1190,1085.0
422,New College of Florida,423,"SARASOTA, FL",B+,73,11028,1180-1360,SARASOTA, FL,1180,1360,1270.0
423,University of Mary,424,"BISMARCK, ND",B+,74,17903,1050-1280,BISMARCK, ND,1050,1280,1165.0
424,Le Moyne College,425,"SYRACUSE, NY",B+,74,23067,1070-1280,SYRACUSE, NY,1070,1280,1175.0
425,Grand Valley State University,426,"ALLENDALE, MI",B+,83,16860,1050-1250,ALLENDALE, MI,1050,1250,1150.0
426,Saint Mary's College of California,427,"MORAGA, CA",B+,81,36613,1060-1240,MORAGA, CA,1060,1240,1150.0
427,Knox College,428,"GALESBURG, IL",B+,68,23476,1090-1350,GALESBURG, IL,1090,1350,1220.0
428,Bellarmine University,429,"LOUISVILLE, KY",B+,66,23158,1060-1260,LOUISVILLE, KY,1060,1260,1160.0
429,The Christ College of Nursing & Health Sciences,430,"CINCINNATI, OH",B+,52,17443,960-1100,CINCINNATI, OH,960,1100,1030.0
430,Stonehill College,431,"EASTON, MA",B+,68,35409,1030-1230,EASTON, MA,1030,1230,1130.0
431,Lubbock Christian University,432,"LUBBOCK, TX",B+,91,23672,960-1170,LUBBOCK, TX,960,1170,1065.0
432,Northwest Nazarene University,433,"NAMPA, ID",B+,86,20559,990-1190,NAMPA, ID,990,1190,1090.0
433,Adelphi University,434,"GARDEN CITY, NY",B+,74,28130,1060-1250,GARDEN CITY, NY,1060,1250,1155.0
434,California State University - Chico,435,"CHICO, CA",B+,72,14843,990-1190,CHICO, CA,990,1190,1090.0
435,College of Saint Mary,436,"OMAHA, NE",B+,49,14299,,OMAHA, NE,,,
436,Gannon University,437,"ERIE, PA",B+,76,22009,1030-1240,ERIE, PA,1030,1240,1135.0
437,Belhaven University,438,"JACKSON, MS",B+,49,17840,902-1180,JACKSON, MS,902,1180,1041.0
438,Martin Luther College,439,"NEW ULM, MN",B+,84,20154,1070-1320,NEW ULM, MN,1070,1320,1195.0
439,Monroe College - Bronx/New Rochelle,440,"BRONX, NY",B+,48,11468,,BRONX, NY,,,
440,Stockton University,441,"GALLOWAY, NJ",B+,76,17815,1020-1210,GALLOWAY, NJ,1020,1210,1115.0
441,Coe College,442,"CEDAR RAPIDS, IA",B+,63,21081,1080-1300,CEDAR RAPIDS, IA,1080,1300,1190.0
442,Illinois State University,443,"NORMAL, IL",B+,82,20093,1020-1220,NORMAL, IL,1020,1220,1120.0
443,University of Hawaii at Manoa,444,"HONOLULU, HI",B+,58,15441,1070-1270,HONOLULU, HI,1070,1270,1170.0
444,Baldwin Wallace University,445,"BEREA, OH",B+,73,23832,1040-1250,BEREA, OH,1040,1250,1145.0
445,The College of St. Scholastica,446,"DULUTH, MN",B+,76,24636,1050-1270,DULUTH, MN,1050,1270,1160.0
446,California Lutheran University,447,"THOUSAND OAKS, CA",B+,71,29693,1070-1250,THOUSAND OAKS, CA,1070,1250,1160.0
447,Marietta College,448,"MARIETTA, OH",B+,71,21483,1010-1250,MARIETTA, OH,1010,1250,1130.0
448,University of North Carolina - Greensboro,449,"GREENSBORO, NC",B+,82,11108,1010-1180,GREENSBORO, NC,1010,1180,1095.0
449,Montclair State University,450,"MONTCLAIR, NJ",B+,76,15890,990-1180,MONTCLAIR, NJ,990,1180,1085.0
450,University of Louisiana - Lafayette,451,"LAFAYETTE, LA",B+,68,12184,1020-1270,LAFAYETTE, LA,1020,1270,1145.0
451,Shenandoah University,452,"WINCHESTER, VA",B+,74,29311,1000-1200,WINCHESTER, VA,1000,1200,1100.0
452,University of South Dakota,453,"VERMILLION, SD",B+,86,17689,990-1180,VERMILLION, SD,990,1180,1085.0
453,Abilene Christian University,454,"ABILENE, TX",B+,61,27883,1020-1230,ABILENE, TX,1020,1230,1125.0
454,West Texas A&M University,455,"CANYON, TX",B+,69,12982,940-1140,CANYON, TX,940,1140,1040.0
455,Indiana Wesleyan University,456,"MARION, IN",B+,67,21619,1020-1230,MARION, IN,1020,1230,1125.0
456,American Musical & Dramatic Academy New York,457,"NEW YORK, NY",B+,31,43810,,NEW YORK, NY,,,
457,University of California - Merced,458,"MERCED, CA",B+,72,14013,1000-1180,MERCED, CA,1000,1180,1090.0
458,CUNY City College of New York,459,"NEW YORK, NY",B+,46,3397,1040-1250,NEW YORK, NY,1040,1250,1145.0
459,Montana Technological University,460,"BUTTE, MT",B+,91,13547,1080-1260,BUTTE, MT,1080,1260,1170.0
460,University of St. Francis - Illinois,461,"JOLIET, IL",B+,46,17687,1030-1220,JOLIET, IL,1030,1220,1125.0
461,Bowling Green State University,462,"BOWLING GREEN, OH",B+,72,17427,880-1100,BOWLING GREEN, OH,880,1100,990.0
462,Dunwoody College of Technology,463,"MINNEAPOLIS, MN",B+,97,23576,,MINNEAPOLIS, MN,,,
463,Salve Regina University,464,"NEWPORT, RI",B+,74,36646,1020-1190,NEWPORT, RI,1020,1190,1105.0
464,Berklee College of Music,465,"BOSTON, MA",B+,51,43744,,BOSTON, MA,,,
465,University of Minnesota - Rochester,466,"ROCHESTER, MN",B+,60,16314,1040-1250,ROCHESTER, MN,1040,1250,1145.0
466,Spalding University,467,"LOUISVILLE, KY",B,79,22314,930-1150,LOUISVILLE, KY,930,1150,1040.0
467,SUNY Oneonta,468,"ONEONTA, NY",B,56,15688,980-1180,ONEONTA, NY,980,1180,1080.0
468,"University at Albany, SUNY",469,"ALBANY, NY",B,54,16769,1090-1250,ALBANY, NY,1090,1250,1170.0
469,University of New Hampshire at Manchester,470,"MANCHESTER, NH",B,91,12608,1000-1210,MANCHESTER, NH,1000,1210,1105.0
470,California State Polytechnic University - Pomona,471,"POMONA, CA",B,55,12843,1010-1270,POMONA, CA,1010,1270,1140.0
471,Rowan University,472,"GLASSBORO, NJ",B,74,22805,1040-1270,GLASSBORO, NJ,1040,1270,1155.0
472,Texas A&M International University,473,"LAREDO, TX",B,54,3323,910-1100,LAREDO, TX,910,1100,1005.0
473,University of Alaska Southeast,474,"JUNEAU, AK",B,61,11000,,JUNEAU, AK,,,
474,Jacksonville State University,475,"JACKSONVILLE, AL",B,55,10689,930-1160,JACKSONVILLE, AL,930,1160,1045.0
475,Vanguard University of Southern California,476,"COSTA MESA, CA",B,49,20376,970-1160,COSTA MESA, CA,970,1160,1065.0
476,St. Joseph's College - New York,477,"BROOKLYN, NY",B,71,16363,990-1190,BROOKLYN, NY,990,1190,1090.0
477,South Dakota State University,478,"BROOKINGS, SD",B,90,18195,1050-1260,BROOKINGS, SD,1050,1260,1155.0
478,Juniata College,479,"HUNTINGDON, PA",B,71,26844,,HUNTINGDON, PA,,,
479,Simmons University,480,"BOSTON, MA",B,73,30841,1110-1290,BOSTON, MA,1110,1290,1200.0
480,Xavier University,481,"CINCINNATI, OH",B,76,32429,1070-1280,CINCINNATI, OH,1070,1280,1175.0
481,California State University - Maritime Academy,482,"VALLEJO, CA",B,76,18882,960-1190,VALLEJO, CA,960,1190,1075.0
482,Minot State University,483,"MINOT, ND",B,67,11635,910-1140,MINOT, ND,910,1140,1025.0
483,College for Creative Studies,484,"DETROIT, MI",B,44,38539,960-1190,DETROIT, MI,960,1190,1075.0
484,Florida College,485,"TEMPLE TERRACE, FL",B,75,19964,970-1220,TEMPLE TERRACE, FL,970,1220,1095.0
485,Saint Vincent College - Pennsylvania,486,"LATROBE, PA",B,68,21426,1030-1240,LATROBE, PA,1030,1240,1135.0
486,Western Washington University,487,"BELLINGHAM, WA",B,90,17728,1060-1280,BELLINGHAM, WA,1060,1280,1170.0
487,Nova Southeastern University,488,"FORT LAUDERDALE, FL",B,80,24776,1070-1280,FORT LAUDERDALE, FL,1070,1280,1175.0
488,Regis University,489,"DENVER, CO",B,71,27565,1030-1240,DENVER, CO,1030,1240,1135.0
489,Metropolitan State University - Minnesota,490,"SAINT PAUL, MN",B,56,15056,,SAINT PAUL, MN,,,
490,Ball State University,491,"MUNCIE, IN",B,77,13533,1080-1240,MUNCIE, IN,1080,1240,1160.0
491,University of Wisconsin - Whitewater,492,"WHITEWATER, WI",B,79,12309,890-1110,WHITEWATER, WI,890,1110,1000.0
492,Indiana University-Purdue University - Indianapolis (IUPUI),493,"INDIANAPOLIS, IN",B,81,9807,1000-1200,INDIANAPOLIS, IN,1000,1200,1100.0
493,Trinity Christian College,494,"PALOS HEIGHTS, IL",B,69,23177,970-1150,PALOS HEIGHTS, IL,970,1150,1060.0
494,California State University - Northridge,495,"NORTHRIDGE, CA",B,59,8694,910-1130,NORTHRIDGE, CA,910,1130,1020.0
495,East Carolina University,496,"GREENVILLE, NC",B,79,13635,1040-1190,GREENVILLE, NC,1040,1190,1115.0
496,Pacific University Oregon,497,"FOREST GROVE, OR",B,87,29432,1060-1260,FOREST GROVE, OR,1060,1260,1160.0
497,Avila University,498,"KANSAS CITY, MO",B,41,17048,1000-1160,KANSAS CITY, MO,1000,1160,1080.0
498,Pittsburg State University,499,"PITTSBURG, KS",B,96,13847,920-1180,PITTSBURG, KS,920,1180,1050.0
499,"Minnesota State University, Mankato",500,"MANKATO, MN",B,63,14464,886-1106,MANKATO, MN,886,1106,996.0
500,Andrews University,501,"BERRIEN SPRINGS, MI",B,67,22291,1060-1360,BERRIEN SPRINGS, MI,1060,1360,1210.0
501,University of Texas - Arlington,502,"ARLINGTON, TX",B,83,14445,1040-1250,ARLINGTON, TX,1040,1250,1145.0
502,Emporia State University,503,"EMPORIA, KS",B,85,14319,950-1060,EMPORIA, KS,950,1060,1005.0
503,Texas State University,504,"SAN MARCOS, TX",B,81,13178,1010-1180,SAN MARCOS, TX,1010,1180,1095.0
504,North Park University,505,"CHICAGO, IL",B,48,20068,970-1180,CHICAGO, IL,970,1180,1075.0
505,Embry-Riddle Aeronautical University - Worldwide,506,"DAYTONA BEACH, FL",B,62,20500,,DAYTONA BEACH, FL,,,
506,Everglades University,507,"BOCA RATON, FL",B,75,29365,,BOCA RATON, FL,,,
507,Rutgers University - Camden,508,"CAMDEN, NJ",B,79,13844,980-1170,CAMDEN, NJ,980,1170,1075.0
508,Purdue University Northwest,509,"HAMMOND, IN",B,29,10157,980-1160,HAMMOND, IN,980,1160,1070.0
509,Ursinus College,510,"COLLEGEVILLE, PA",B,79,30421,1150-1350,COLLEGEVILLE, PA,1150,1350,1250.0
510,CUNY Queens College,511,"QUEENS, NY",B,49,4471,1040-1200,QUEENS, NY,1040,1200,1120.0
511,SUNY Oswego,512,"OSWEGO, NY",B,54,15762,1070-1240,OSWEGO, NY,1070,1240,1155.0
512,The King's College - New York,513,"NEW YORK, NY",B,42,34069,1100-1310,NEW YORK, NY,1100,1310,1205.0
513,University of Hawaii - West Oahu,514,"KAPOLEI, HI",B,84,11766,940-1100,KAPOLEI, HI,940,1100,1020.0
514,Hope International University,515,"FULLERTON, CA",B,37,20850,910-1070,FULLERTON, CA,910,1070,990.0
515,Marian University Indianapolis,516,"INDIANAPOLIS, IN",B,62,20572,970-1180,INDIANAPOLIS, IN,970,1180,1075.0
516,University of South Alabama,517,"MOBILE, AL",B,79,13624,1030-1220,MOBILE, AL,1030,1220,1125.0
517,The University of West Alabama,518,"LIVINGSTON, AL",B,35,15383,860-1020,LIVINGSTON, AL,860,1020,940.0
518,Elon University,519,"ELON, NC",B,78,36564,1160-1320,ELON, NC,1160,1320,1240.0
519,Boise State University,520,"BOISE, ID",B,77,13237,1030-1230,BOISE, ID,1030,1230,1130.0
520,Brigham Young University - Idaho,521,"REXBURG, ID",B,96,7038,990-1200,REXBURG, ID,990,1200,1095.0
521,University of Memphis,522,"MEMPHIS, TN",B,85,13481,1010-1230,MEMPHIS, TN,1010,1230,1120.0
522,Stephen F. Austin State University,523,"NACOGDOCHES, TX",B,68,12866,990-1180,NACOGDOCHES, TX,990,1180,1085.0
523,Troy University,524,"TROY, AL",B,88,12951,930-1090,TROY, AL,930,1090,1010.0
524,Lawrence Technological University,525,"SOUTHFIELD, MI",B,79,32406,1020-1270,SOUTHFIELD, MI,1020,1270,1145.0
525,Arizona State University - West Campus,526,"GLENDALE, AZ",B,82,9349,1040-1270,GLENDALE, AZ,1040,1270,1155.0
526,Manchester University,527,"NORTH MANCHESTER, IN",B,56,17938,865-1090,NORTH MANCHESTER, IN,865,1090,977.5
527,Elmhurst University,528,"ELMHURST, IL",B,68,22791,990-1210,ELMHURST, IL,990,1210,1100.0
528,St. Edward's University,529,"AUSTIN, TX",B,88,28214,1060-1240,AUSTIN, TX,1060,1240,1150.0
529,Westminster College - Utah,530,"SALT LAKE CITY, UT",B,100,22971,1000-1300,SALT LAKE CITY, UT,1000,1300,1150.0
530,Hamline University,531,"SAINT PAUL, MN",B,68,22253,1000-1260,SAINT PAUL, MN,1000,1260,1130.0
531,Florida A&M University,532,"TALLAHASSEE, FL",B,36,14610,1030-1160,TALLAHASSEE, FL,1030,1160,1095.0
532,Queens University of Charlotte,533,"CHARLOTTE, NC",B,65,24286,1040-1240,CHARLOTTE, NC,1040,1240,1140.0
533,Dominican University,534,"RIVER FOREST, IL",B,64,19280,1000-1200,RIVER FOREST, IL,1000,1200,1100.0
534,Albion College,535,"ALBION, MI",B,69,18532,990-1200,ALBION, MI,990,1200,1095.0
535,Otterbein University,536,"WESTERVILLE, OH",B,80,23732,1060-1250,WESTERVILLE, OH,1060,1250,1155.0
536,Central College,537,"PELLA, IA",B,65,23343,980-1240,PELLA, IA,980,1240,1110.0
537,Messiah University,538,"MECHANICSBURG, PA",B,76,28867,1090-1310,MECHANICSBURG, PA,1090,1310,1200.0
538,Western Illinois University,539,"MACOMB, IL",B,57,15802,950-1150,MACOMB, IL,950,1150,1050.0
539,California State University - Fresno,540,"FRESNO, CA",B,58,6002,940-1130,FRESNO, CA,940,1130,1035.0
540,University of Texas - Rio Grande Valley,541,"EDINBURG, TX",B,80,4654,950-1130,EDINBURG, TX,950,1130,1040.0
541,Northwest Missouri State University,542,"MARYVILLE, MO",B,73,12765,1000-1240,MARYVILLE, MO,1000,1240,1120.0
542,Jacksonville University,543,"JACKSONVILLE, FL",B,92,24020,910-1160,JACKSONVILLE, FL,910,1160,1035.0
543,University of Wisconsin - Superior,544,"SUPERIOR, WI",B,82,12695,,SUPERIOR, WI,,,
544,Gallaudet University,545,"WASHINGTON, DC",B,61,15639,780-1040,WASHINGTON, DC,780,1040,910.0
545,Concordia University - Wisconsin,546,"MEQUON, WI",B,64,25175,898-1156,MEQUON, WI,898,1156,1027.0
546,Kent State University,547,"KENT, OH",B,86,18643,1040-1230,KENT, OH,1040,1230,1135.0
547,William Jewell College,548,"LIBERTY, MO",B,46,23437,1080-1300,LIBERTY, MO,1080,1300,1190.0
548,University of Mount Union,549,"ALLIANCE, OH",B,77,23583,990-1190,ALLIANCE, OH,990,1190,1090.0
549,CUNY Brooklyn College,550,"BROOKLYN, NY",B,45,3805,1040-1220,BROOKLYN, NY,1040,1220,1130.0
550,Bethany Lutheran College,551,"MANKATO, MN",B,73,17580,950-1150,MANKATO, MN,950,1150,1050.0
551,Transylvania University,552,"LEXINGTON, KY",B,90,25779,1080-1350,LEXINGTON, KY,1080,1350,1215.0
552,King University - Tennessee,553,"BRISTOL, TN",B,62,22098,990-1200,BRISTOL, TN,990,1200,1095.0
553,CUNY Hunter College,554,"NEW YORK, NY",B,35,3957,1170-1350,NEW YORK, NY,1170,1350,1260.0
554,University of Rhode Island,555,"KINGSTON, RI",B,75,19652,1050-1240,KINGSTON, RI,1050,1240,1145.0
555,Washington & Jefferson College,556,"WASHINGTON, PA",B,85,26787,,WASHINGTON, PA,,,
556,Saginaw Valley State University,557,"UNIVERSITY CENTER, MI",B,73,14271,980-1190,UNIVERSITY CENTER, MI,980,1190,1085.0
557,Trevecca Nazarene University,558,"NASHVILLE, TN",B,62,18036,1070-1290,NASHVILLE, TN,1070,1290,1180.0
558,Maryville College,559,"MARYVILLE, TN",B,56,19778,1020-1270,MARYVILLE, TN,1020,1270,1145.0
559,University of Texas - Tyler,560,"TYLER, TX",B,83,7389,1070-1240,TYLER, TX,1070,1240,1155.0
560,Christian Brothers University,561,"MEMPHIS, TN",B,50,19802,,MEMPHIS, TN,,,
561,La Salle University,562,"PHILADELPHIA, PA",B,78,25059,870-1080,PHILADELPHIA, PA,870,1080,975.0
562,"Concordia University, Nebraska",563,"SEWARD, NE",B,78,21786,1060-1350,SEWARD, NE,1060,1350,1205.0
563,Oregon Institute of Technology,564,"KLAMATH FALLS, OR",B,97,16670,1000-1200,KLAMATH FALLS, OR,1000,1200,1100.0
564,Eastern Illinois University,565,"CHARLESTON, IL",B,53,14146,940-1130,CHARLESTON, IL,940,1130,1035.0
565,Central Michigan University,566,"MOUNT PLEASANT, MI",B,70,15266,990-1200,MOUNT PLEASANT, MI,990,1200,1095.0
566,Northern Arizona University,567,"FLAGSTAFF, AZ",B,85,14236,940-1160,FLAGSTAFF, AZ,940,1160,1050.0
567,Carroll College,568,"HELENA, MT",B,69,25187,1070-1290,HELENA, MT,1070,1290,1180.0
568,Georgia State University,569,"ATLANTA, GA",B,76,14136,1060-1250,ATLANTA, GA,1060,1250,1155.0
569,West Chester University of Pennsylvania,570,"WEST CHESTER, PA",B,75,19348,1030-1210,WEST CHESTER, PA,1030,1210,1120.0
570,Georgia College & State University,571,"MILLEDGEVILLE, GA",B,80,20823,1110-1260,MILLEDGEVILLE, GA,1110,1260,1185.0
571,University of Maine,572,"ORONO, ME",B,90,18002,1050-1260,ORONO, ME,1050,1260,1155.0
572,Wilkes University,573,"WILKES-BARRE, PA",B,79,27393,1020-1220,WILKES-BARRE, PA,1020,1220,1120.0
573,Indiana University - Southeast,574,"NEW ALBANY, IN",B,82,9648,930-1140,NEW ALBANY, IN,930,1140,1035.0
574,Saint Michael's College,575,"COLCHESTER, VT",B,83,30386,1060-1290,COLCHESTER, VT,1060,1290,1175.0
575,Sam Houston State University,576,"HUNTSVILLE, TX",B,83,13055,990-1140,HUNTSVILLE, TX,990,1140,1065.0
576,Southern Utah University,577,"CEDAR CITY, UT",B,78,14879,1020-1240,CEDAR CITY, UT,1020,1240,1130.0
577,University of South Carolina Aiken,578,"AIKEN, SC",B,56,15042,960-1140,AIKEN, SC,960,1140,1050.0
578,University of North Carolina Asheville,579,"ASHEVILLE, NC",B,84,13388,1090-1270,ASHEVILLE, NC,1090,1270,1180.0
579,University of Wisconsin - Milwaukee,580,"MILWAUKEE, WI",B,77,14822,,MILWAUKEE, WI,,,
580,Murray State University,581,"MURRAY, KY",B,82,11512,1040-1250,MURRAY, KY,1040,1250,1145.0
581,Florida Southern College,582,"LAKELAND, FL",B,52,25325,1120-1260,LAKELAND, FL,1120,1260,1190.0
582,Saint Francis University,583,"LORETTO, PA",B,75,29188,1030-1250,LORETTO, PA,1030,1250,1140.0
583,Penn State Erie - The Behrend College,584,"ERIE, PA",B,89,23428,1050-1280,ERIE, PA,1050,1280,1165.0
584,Winthrop University,585,"ROCK HILL, SC",B,69,19115,950-1160,ROCK HILL, SC,950,1160,1055.0
585,Drury University,586,"SPRINGFIELD, MO",B,64,19597,1040-1220,SPRINGFIELD, MO,1040,1220,1130.0
586,University of the Incarnate Word,587,"SAN ANTONIO, TX",B,94,24481,950-1160,SAN ANTONIO, TX,950,1160,1055.0
587,Eastern New Mexico University,588,"PORTALES, NM",B,58,10338,900-1110,PORTALES, NM,900,1110,1005.0
588,Walsh University,589,"NORTH CANTON, OH",B,76,20180,960-1210,NORTH CANTON, OH,960,1210,1085.0
589,University of New Orleans,590,"NEW ORLEANS, LA",B,56,10780,1020-1240,NEW ORLEANS, LA,1020,1240,1130.0
590,Indiana University - Kokomo,591,"KOKOMO, IN",B,74,8629,970-1130,KOKOMO, IN,970,1130,1050.0
591,North Carolina A&T State University,592,"GREENSBORO, NC",B,58,9097,970-1150,GREENSBORO, NC,970,1150,1060.0
592,Tennessee Technological University,593,"COOKEVILLE, TN",B,79,16634,990-1260,COOKEVILLE, TN,990,1260,1125.0
593,Bennington College,594,"BENNINGTON, VT",B,61,38386,,BENNINGTON, VT,,,
594,Winona State University,595,"WINONA, MN",B,68,16617,1000-1210,WINONA, MN,1000,1210,1105.0
595,Upper Iowa University,596,"FAYETTE, IA",B,51,20511,980-1160,FAYETTE, IA,980,1160,1070.0
596,Lander University,597,"GREENWOOD, SC",B,43,13009,940-1130,GREENWOOD, SC,940,1130,1035.0
597,Piedmont University,598,"DEMOREST, GA",B,54,19715,960-1160,DEMOREST, GA,960,1160,1060.0
598,Bay Path University,599,"LONGMEADOW, MA",B,72,22740,960-1170,LONGMEADOW, MA,960,1170,1065.0
599,California State University - San Marcos,600,"SAN MARCOS, CA",B,62,13010,950-1140,SAN MARCOS, CA,950,1140,1045.0
600,Western Carolina University,601,"CULLOWHEE, NC",B,69,12965,1020-1200,CULLOWHEE, NC,1020,1200,1110.0
601,Nevada State College,602,"HENDERSON, NV",B,85,14750,,HENDERSON, NV,,,
602,North Central College,603,"NAPERVILLE, IL",B,54,25536,1030-1260,NAPERVILLE, IL,1030,1260,1145.0
603,Drew University,604,"MADISON, NJ",B,71,28103,1030-1250,MADISON, NJ,1030,1250,1140.0
604,Roosevelt University,605,"CHICAGO, IL",B,67,24036,1010-1230,CHICAGO, IL,1010,1230,1120.0
605,Newman University,606,"WICHITA, KS",B,67,16533,980-1190,WICHITA, KS,980,1190,1085.0
606,Northwest University,607,"KIRKLAND, WA",B,93,22010,1020-1240,KIRKLAND, WA,1020,1240,1130.0
607,Meredith College,608,"RALEIGH, NC",B,65,26958,1020-1220,RALEIGH, NC,1020,1220,1120.0
608,Augusta University,609,"AUGUSTA, GA",B,76,10877,1020-1200,AUGUSTA, GA,1020,1200,1110.0
609,University of Wisconsin - Eau Claire,610,"EAU CLAIRE, WI",B,82,14010,,EAU CLAIRE, WI,,,
610,Fresno Pacific University,611,"FRESNO, CA",B,66,19298,930-1150,FRESNO, CA,930,1150,1040.0
611,Xavier University of Louisiana,612,"NEW ORLEANS, LA",B,60,18794,990-1160,NEW ORLEANS, LA,990,1160,1075.0
612,Niagara University,613,"NIAGARA UNIVERSITY, NY",B,89,18462,1020-1230,NIAGARA UNIVERSITY, NY,1020,1230,1125.0
613,Monmouth College,614,"MONMOUTH, IL",B,67,17992,950-1210,MONMOUTH, IL,950,1210,1080.0
614,University of Massachusetts - Boston,615,"BOSTON, MA",B,76,17511,1040-1220,BOSTON, MA,1040,1220,1130.0
615,Lee University,616,"CLEVELAND, TN",B,82,16949,910-1230,CLEVELAND, TN,910,1230,1070.0
616,University of Wisconsin - Stout,617,"MENOMONIE, WI",B,91,14767,,MENOMONIE, WI,,,
617,University of Tennessee - Martin,618,"MARTIN, TN",B,64,11673,975-1170,MARTIN, TN,975,1170,1072.5
618,California State University - Sacramento,619,"SACRAMENTO, CA",B,82,10271,940-1140,SACRAMENTO, CA,940,1140,1040.0
619,Chaminade University of Honolulu,620,"HONOLULU, HI",B,95,24653,980-1150,HONOLULU, HI,980,1150,1065.0
620,Wittenberg University,621,"SPRINGFIELD, OH",B,91,23060,1020-1200,SPRINGFIELD, OH,1020,1200,1110.0
621,Baker University,622,"BALDWIN CITY, KS",B,88,23629,1000-1170,BALDWIN CITY, KS,1000,1170,1085.0
622,Penn State Altoona,623,"ALTOONA, PA",B,91,21947,1000-1180,ALTOONA, PA,1000,1180,1090.0
623,University of Mary Washington,624,"FREDERICKSBURG, VA",B,75,21640,1080-1280,FREDERICKSBURG, VA,1080,1280,1180.0
624,Ramapo College of New Jersey,625,"MAHWAH, NJ",B,66,16823,1030-1230,MAHWAH, NJ,1030,1230,1130.0
625,Penn State Berks,626,"READING, PA",B,87,22393,1000-1200,READING, PA,1000,1200,1100.0
626,Quinnipiac University,627,"HAMDEN, CT",B,70,41636,1090-1260,HAMDEN, CT,1090,1260,1175.0
627,Endicott College,628,"BEVERLY, MA",B,69,36498,980-1160,BEVERLY, MA,980,1160,1070.0
628,Kettering University,629,"FLINT, MI",B,73,39255,1190-1360,FLINT, MI,1190,1360,1275.0
629,Penn State York,630,"YORK, PA",B,85,19581,1030-1300,YORK, PA,1030,1300,1165.0
630,Southern Illinois University Edwardsville,631,"EDWARDSVILLE, IL",B,86,14790,1020-1220,EDWARDSVILLE, IL,1020,1220,1120.0
631,Spring Hill College,632,"MOBILE, AL",B,50,22362,1020-1200,MOBILE, AL,1020,1200,1110.0
632,Northland College,633,"ASHLAND, WI",B,67,19822,980-1105,ASHLAND, WI,980,1105,1042.5
633,George Fox University,634,"NEWBERG, OR",B,82,30827,1030-1270,NEWBERG, OR,1030,1270,1150.0
634,Spring Arbor University,635,"SPRING ARBOR, MI",B,66,20427,980-1220,SPRING ARBOR, MI,980,1220,1100.0
635,Northwestern State University of Louisiana,636,"NATCHITOCHES, LA",B,82,12336,1010-1210,NATCHITOCHES, LA,1010,1210,1110.0
636,University of Minnesota - Morris,637,"MORRIS, MN",B,57,11682,1070-1260,MORRIS, MN,1070,1260,1165.0
637,Fontbonne University,638,"SAINT LOUIS, MO",B,79,16953,990-1100,SAINT LOUIS, MO,990,1100,1045.0
638,MidAmerica Nazarene University,639,"OLATHE, KS",B,55,25365,910-1140,OLATHE, KS,910,1140,1025.0
639,Milligan University,640,"MILLIGAN, TN",B,99,20223,1080-1280,MILLIGAN, TN,1080,1280,1180.0
640,Muskingum University,641,"NEW CONCORD, OH",B,81,19743,890-1120,NEW CONCORD, OH,890,1120,1005.0
641,Covenant College,642,"LOOKOUT MOUNTAIN, GA",B,98,24619,1100-1330,LOOKOUT MOUNTAIN, GA,1100,1330,1215.0
642,Nazareth College,643,"ROCHESTER, NY",B,64,30240,,ROCHESTER, NY,,,
643,Minneapolis College of Art & Design,644,"MINNEAPOLIS, MN",B,59,28848,1020-1240,MINNEAPOLIS, MN,1020,1240,1130.0
644,Texas A&M University - Corpus Christi,645,"CORPUS CHRISTI, TX",B,80,12916,1010-1200,CORPUS CHRISTI, TX,1010,1200,1105.0
645,Missouri State University,646,"SPRINGFIELD, MO",B,88,16134,1040-1240,SPRINGFIELD, MO,1040,1240,1140.0
646,Colorado Christian University,647,"LAKEWOOD, CO",B,100,26476,,LAKEWOOD, CO,,,
647,Webster University,648,"SAINT LOUIS, MO",B,57,23265,1010-1250,SAINT LOUIS, MO,1010,1250,1130.0
648,Huntington University,649,"HUNTINGTON, IN",B,75,22333,960-1150,HUNTINGTON, IN,960,1150,1055.0
649,Art Center College of Design,650,"PASADENA, CA",B,71,47352,,PASADENA, CA,,,
650,Oakland University,651,"ROCHESTER HILLS, MI",B,83,12843,1020-1230,ROCHESTER HILLS, MI,1020,1230,1125.0
651,Ave Maria University,652,"AVE MARIA, FL",B,85,15939,1040-1230,AVE MARIA, FL,1040,1230,1135.0
652,Presbyterian College,653,"CLINTON, SC",B,75,19778,1000-1230,CLINTON, SC,1000,1230,1115.0
653,Asbury University,654,"WILMORE, KY",B,64,22848,1050-1330,WILMORE, KY,1050,1330,1190.0
654,Trine University,655,"ANGOLA, IN",B,82,23202,1040-1260,ANGOLA, IN,1040,1260,1150.0
655,Massachusetts Maritime Academy,656,"BUZZARDS BAY, MA",B,91,15424,1020-1180,BUZZARDS BAY, MA,1020,1180,1100.0
656,Saint Mary's College - Indiana,657,"NOTRE DAME, IN",B,81,26906,1060-1250,NOTRE DAME, IN,1060,1250,1155.0
657,University of Central Oklahoma,658,"EDMOND, OK",B,84,15894,,EDMOND, OK,,,
658,Heidelberg University,659,"TIFFIN, OH",B,75,21192,950-1160,TIFFIN, OH,950,1160,1055.0
659,University of Central Missouri,660,"WARRENSBURG, MO",B,65,13098,,WARRENSBURG, MO,,,
660,Regent University,661,"VIRGINIA BEACH, VA",B,86,15062,990-1220,VIRGINIA BEACH, VA,990,1220,1105.0
661,Indiana University - East,662,"RICHMOND, IN",B,63,7110,930-1140,RICHMOND, IN,930,1140,1035.0
662,Mayville State University,663,"MAYVILLE, ND",B,70,12479,900-1230,MAYVILLE, ND,900,1230,1065.0
663,University of Louisiana - Monroe,664,"MONROE, LA",B,80,9710,850-1070,MONROE, LA,850,1070,960.0
664,Centenary College of Louisiana,665,"SHREVEPORT, LA",B,60,17409,1060-1250,SHREVEPORT, LA,1060,1250,1155.0
665,Oklahoma Baptist University,666,"SHAWNEE, OK",B,57,23175,990-1220,SHAWNEE, OK,990,1220,1105.0
666,ECPI University,667,"VIRGINIA BEACH, VA",B,74,20216,,VIRGINIA BEACH, VA,,,
667,Elizabethtown College,668,"ELIZABETHTOWN, PA",B,81,28198,1080-1290,ELIZABETHTOWN, PA,1080,1290,1185.0
668,Southern Illinois University Carbondale,669,"CARBONDALE, IL",B,66,16299,1030-1250,CARBONDALE, IL,1030,1250,1140.0
669,Valley City State University,670,"VALLEY CITY, ND",B,76,12386,950-1090,VALLEY CITY, ND,950,1090,1020.0
670,East Tennessee State University,671,"JOHNSON CITY, TN",B,86,14696,970-1180,JOHNSON CITY, TN,970,1180,1075.0
671,University of Illinois at Springfield,672,"SPRINGFIELD, IL",B,77,11534,1000-1220,SPRINGFIELD, IL,1000,1220,1110.0
672,Misericordia University,673,"DALLAS, PA",B,86,25978,1050-1220,DALLAS, PA,1050,1220,1135.0
673,Coastal Carolina University,674,"CONWAY, SC",B,69,15111,1010-1170,CONWAY, SC,1010,1170,1090.0
674,University of Texas - San Antonio,675,"SAN ANTONIO, TX",B,77,13168,1030-1220,SAN ANTONIO, TX,1030,1220,1125.0
675,Mills College,676,"OAKLAND, CA",B,76,25417,1000-1290,OAKLAND, CA,1000,1290,1145.0
676,University of Wisconsin - Platteville,677,"PLATTEVILLE, WI",B,85,14611,,PLATTEVILLE, WI,,,
677,University of Saint Francis - Indiana,678,"FORT WAYNE, IN",B,96,18055,950-1170,FORT WAYNE, IN,950,1170,1060.0
678,Northern State University,679,"ABERDEEN, SD",B,84,15575,980-1190,ABERDEEN, SD,980,1190,1085.0
679,Columbia International University,680,"COLUMBIA, SC",B,48,18242,930-1140,COLUMBIA, SC,930,1140,1035.0
680,Texas Woman's University,681,"DENTON, TX",B,93,9830,930-1150,DENTON, TX,930,1150,1040.0
681,Millikin University,682,"DECATUR, IL",B,71,22138,950-1200,DECATUR, IL,950,1200,1075.0
682,Brigham Young University - Hawaii,683,"LAIE, HI",B,97,12679,1080-1260,LAIE, HI,1080,1260,1170.0
683,Lyon College,684,"BATESVILLE, AR",B,44,17921,1040-1200,BATESVILLE, AR,1040,1200,1120.0
684,East Central University,685,"ADA, OK",B,59,9893,930-1140,ADA, OK,930,1140,1035.0
685,Molloy College,686,"ROCKVILLE CENTRE, NY",B,78,28500,1050-1240,ROCKVILLE CENTRE, NY,1050,1240,1145.0
686,Massachusetts College of Pharmacy & Health Sciences,687,"BOSTON, MA",B,85,39112,1010-1240,BOSTON, MA,1010,1240,1125.0
687,University of Wisconsin - River Falls,688,"RIVER FALLS, WI",B,79,13530,,RIVER FALLS, WI,,,
688,SUNY Farmingdale State College,689,"FARMINGDALE, NY",B,55,7481,990-1150,FARMINGDALE, NY,990,1150,1070.0
689,Linfield University,690,"MCMINNVILLE, OR",B,82,29521,1040-1230,MCMINNVILLE, OR,1040,1230,1135.0
690,SUNY Polytechnic Institute,691,"UTICA, NY",B,69,14420,1000-1360,UTICA, NY,1000,1360,1180.0
691,Menlo College,692,"ATHERTON, CA",B,63,27233,920-1150,ATHERTON, CA,920,1150,1035.0
692,Houghton College,693,"HOUGHTON, NY",B,81,23992,1060-1320,HOUGHTON, NY,1060,1320,1190.0
693,University of North Alabama,694,"FLORENCE, AL",B,89,14033,1020-1180,FLORENCE, AL,1020,1180,1100.0
694,Salish Kootenai College,695,"PABLO, MT",B,100,8223,,PABLO, MT,,,
695,Alcorn State University,696,"ALCORN STATE, MS",B,58,13907,800-970,ALCORN STATE, MS,800,970,885.0
696,University of Missouri - St. Louis,697,"SAINT LOUIS, MO",B,73,7977,1030-1230,SAINT LOUIS, MO,1030,1230,1130.0
697,Dallas Baptist University,698,"DALLAS, TX",B,90,27259,1030-1250,DALLAS, TX,1030,1250,1140.0
698,Youngstown State University,699,"YOUNGSTOWN, OH",B,67,11616,970-1180,YOUNGSTOWN, OH,970,1180,1075.0
699,Midwestern State University,700,"WICHITA FALLS, TX",B,79,9799,930-1120,WICHITA FALLS, TX,930,1120,1025.0
700,Fort Hays State University,701,"HAYS, KS",B,91,12108,,HAYS, KS,,,
701,Wisconsin Lutheran College,702,"MILWAUKEE, WI",B,89,21836,1020-1290,MILWAUKEE, WI,1020,1290,1155.0
702,McMurry University,703,"ABILENE, TX",B,45,21719,940-1100,ABILENE, TX,940,1100,1020.0
703,Lewis University,704,"ROMEOVILLE, IL",B,64,19520,1010-1200,ROMEOVILLE, IL,1010,1200,1105.0
704,Alverno College,705,"MILWAUKEE, WI",B,69,18384,770-1050,MILWAUKEE, WI,770,1050,910.0
705,Lebanon Valley College,706,"ANNVILLE, PA",B,80,27459,1050-1270,ANNVILLE, PA,1050,1270,1160.0
706,Old Dominion University,707,"NORFOLK, VA",B,89,16681,980-1180,NORFOLK, VA,980,1180,1080.0
707,Radford University,708,"RADFORD, VA",B,75,14981,890-1060,RADFORD, VA,890,1060,975.0
708,University of South Carolina - Upstate,709,"SPARTANBURG, SC",B,58,15838,920-1110,SPARTANBURG, SC,920,1110,1015.0
709,Kennesaw State University,710,"KENNESAW, GA",B,75,17175,1050-1230,KENNESAW, GA,1050,1230,1140.0
710,University of Houston - Downtown,711,"HOUSTON, TX",B,89,7159,920-1080,HOUSTON, TX,920,1080,1000.0
711,University of Saint Joseph,712,"WEST HARTFORD, CT",B,77,21602,1000-1230,WEST HARTFORD, CT,1000,1230,1115.0
712,Saint Mary's University of Minnesota,713,"WINONA, MN",B,92,20369,1030-1200,WINONA, MN,1030,1200,1115.0
713,University of Lynchburg,714,"LYNCHBURG, VA",B,91,24987,970-1170,LYNCHBURG, VA,970,1170,1070.0
714,Judson University,715,"ELGIN, IL",B,39,18641,880-1100,ELGIN, IL,880,1100,990.0
715,University of Nevada Las Vegas,716,"LAS VEGAS, NV",B,81,12403,1030-1250,LAS VEGAS, NV,1030,1250,1140.0
716,Aquinas College - Michigan,717,"GRAND RAPIDS, MI",B,69,19613,1000-1210,GRAND RAPIDS, MI,1000,1210,1105.0
717,Slippery Rock University,718,"SLIPPERY ROCK, PA",B,71,18144,1000-1170,SLIPPERY ROCK, PA,1000,1170,1085.0
718,Bethel University - Minnesota,719,"SAINT PAUL, MN",B,79,26468,1030-1290,SAINT PAUL, MN,1030,1290,1160.0
719,Wentworth Institute of Technology,720,"BOSTON, MA",B,69,37322,1060-1270,BOSTON, MA,1060,1270,1165.0
720,Pacific Union College,721,"ANGWIN, CA",B,53,22585,930-1190,ANGWIN, CA,930,1190,1060.0
721,Lycoming College,722,"WILLIAMSPORT, PA",B,62,20036,1040-1220,WILLIAMSPORT, PA,1040,1220,1130.0
722,Belmont University,723,"NASHVILLE, TN",B,84,36976,1130-1320,NASHVILLE, TN,1130,1320,1225.0
723,University of New Mexico,724,"ALBUQUERQUE, NM",B,94,11368,970-1290,ALBUQUERQUE, NM,970,1290,1130.0
724,University of Southern Indiana,725,"EVANSVILLE, IN",B,93,13360,980-1170,EVANSVILLE, IN,980,1170,1075.0
725,University of Redlands,726,"REDLANDS, CA",B,76,31180,1070-1270,REDLANDS, CA,1070,1270,1170.0
726,Stanbridge University - Orange County,727,"IRVINE, CA",B,63,25054,,IRVINE, CA,,,
727,St. Ambrose University,728,"DAVENPORT, IA",B,77,26561,1070-1270,DAVENPORT, IA,1070,1270,1170.0
728,Arkansas State University,729,"JONESBORO, AR",B,80,13281,1010-1220,JONESBORO, AR,1010,1220,1115.0
729,Palm Beach Atlantic University,730,"WEST PALM BEACH, FL",B,95,25908,980-1200,WEST PALM BEACH, FL,980,1200,1090.0
730,Metropolitan College of New York,731,"NEW YORK, NY",B,32,14687,,NEW YORK, NY,,,
731,Olivet Nazarene University,732,"BOURBONNAIS, IL",B,58,21043,960-1180,BOURBONNAIS, IL,960,1180,1070.0
732,Penn State Worthington Scranton,733,"DUNMORE, PA",B,82,17495,970-1150,DUNMORE, PA,970,1150,1060.0
733,Northwood University - Midland,734,"MIDLAND, MI",B,79,20610,960-1190,MIDLAND, MI,960,1190,1075.0
734,Augsburg University,735,"MINNEAPOLIS, MN",B,76,25311,1060-1300,MINNEAPOLIS, MN,1060,1300,1180.0
735,University of Hawaii at Hilo,736,"HILO, HI",B,52,14338,990-1170,HILO, HI,990,1170,1080.0
736,University of Charleston,737,"CHARLESTON, WV",B,50,21941,940-1140,CHARLESTON, WV,940,1140,1040.0
737,William Paterson University of New Jersey,738,"WAYNE, NJ",B,75,15096,890-1090,WAYNE, NJ,890,1090,990.0
738,University of New Haven,739,"WEST HAVEN, CT",B,83,34353,1030-1220,WEST HAVEN, CT,1030,1220,1125.0
739,Saint Mary-of-the-Woods College,740,"SAINT MARY OF THE WOODS, IN",B,67,17088,930-1120,SAINT MARY OF THE WOODS, IN,930,1120,1025.0
740,University of Detroit Mercy,741,"DETROIT, MI",B,77,18338,1060-1250,DETROIT, MI,1060,1250,1155.0
741,Ohio Wesleyan University,742,"DELAWARE, OH",B,67,27242,990-1250,DELAWARE, OH,990,1250,1120.0
742,Penn State Schuylkill,743,"SCHUYLKILL HAVEN, PA",B,74,17481,890-1100,SCHUYLKILL HAVEN, PA,890,1100,995.0
743,Rocky Mountain College,744,"BILLINGS, MT",B,59,18999,940-1170,BILLINGS, MT,940,1170,1055.0
744,California State University - Stanislaus,745,"TURLOCK, CA",B,89,7069,810-1030,TURLOCK, CA,810,1030,920.0
745,Texas A&M University - Commerce,746,"COMMERCE, TX",B,43,12477,950-1150,COMMERCE, TX,950,1150,1050.0
746,University of Central Arkansas,747,"CONWAY, AR",B,90,14796,960-1160,CONWAY, AR,960,1160,1060.0
747,Milwaukee Institute of Art & Design,748,"MILWAUKEE, WI",B,68,25557,,MILWAUKEE, WI,,,
748,University of Sioux Falls,749,"SIOUX FALLS, SD",B,91,19744,1070-1230,SIOUX FALLS, SD,1070,1230,1150.0
749,Southern Adventist University,750,"COLLEGEDALE, TN",B,100,23623,920-1180,COLLEGEDALE, TN,920,1180,1050.0
750,Saint Martin's University,751,"LACEY, WA",B,96,24596,970-1170,LACEY, WA,970,1170,1070.0
751,Mount Carmel College of Nursing,752,"COLUMBUS, OH",B,74,15560,,COLUMBUS, OH,,,
752,Nicholls State University,753,"THIBODAUX, LA",B,88,11545,1000-1170,THIBODAUX, LA,1000,1170,1085.0
753,Wichita State University,754,"WICHITA, KS",B,92,13849,1030-1270,WICHITA, KS,1030,1270,1150.0
754,Mount Mary University,755,"MILWAUKEE, WI",B,58,20156,880-990,MILWAUKEE, WI,880,990,935.0
755,Utica College,756,"UTICA, NY",B,87,22474,830-1050,UTICA, NY,830,1050,940.0
756,Geneva College,757,"BEAVER FALLS, PA",B,53,19400,1020-1240,BEAVER FALLS, PA,1020,1240,1130.0
757,San Jose State University,758,"SAN JOSE, CA",B,64,14471,1020-1260,SAN JOSE, CA,1020,1260,1140.0
758,University of Connecticut - Avery Point,759,"GROTON, CT",B,94,7488,1010-1200,GROTON, CT,1010,1200,1105.0
759,Siena College,760,"LOUDONVILLE, NY",B,81,27997,1020-1220,LOUDONVILLE, NY,1020,1220,1120.0
760,Musicians Institute,761,"HOLLYWOOD, CA",B,69,34835,,HOLLYWOOD, CA,,,
761,Young Harris College,762,"YOUNG HARRIS, GA",B,65,18431,950-1130,YOUNG HARRIS, GA,950,1130,1040.0
762,University of Wisconsin - Stevens Point,763,"STEVENS POINT, WI",B,85,12797,,STEVENS POINT, WI,,,
763,Angelo State University,764,"SAN ANGELO, TX",B,77,12169,930-1120,SAN ANGELO, TX,930,1120,1025.0
764,Goshen College,765,"GOSHEN, IN",B,63,19772,1010-1210,GOSHEN, IN,1010,1210,1110.0
765,School of Visual Arts,766,"NEW YORK, NY",B,71,49548,1080-1350,NEW YORK, NY,1080,1350,1215.0
766,Hampshire College,767,"AMHERST, MA",B,63,35499,,AMHERST, MA,,,
767,College of Our Lady of the Elms,768,"CHICOPEE, MA",B,75,23871,970-1130,CHICOPEE, MA,970,1130,1050.0
768,Anderson University - South Carolina,769,"ANDERSON, SC",B,69,21599,860-1210,ANDERSON, SC,860,1210,1035.0
769,Penn State Mont Alto,770,"MONT ALTO, PA",B,76,20334,970-1180,MONT ALTO, PA,970,1180,1075.0
770,Kansas Wesleyan University,771,"SALINA, KS",B,61,21831,970-1110,SALINA, KS,970,1110,1040.0
771,Lancaster Bible College - Capital Seminary & Graduate School,772,"LANCASTER, PA",B,96,22402,980-1180,LANCASTER, PA,980,1180,1080.0
772,SUNY Fredonia,773,"FREDONIA, NY",B,71,14631,990-1200,FREDONIA, NY,990,1200,1095.0
773,Franciscan University of Steubenville,774,"STEUBENVILLE, OH",B,77,26356,1090-1300,STEUBENVILLE, OH,1090,1300,1195.0
774,Penn State Harrisburg,775,"MIDDLETOWN, PA",B,88,22306,1050-1290,MIDDLETOWN, PA,1050,1290,1170.0
775,Texas Lutheran University,776,"SEGUIN, TX",B,56,19896,990-1160,SEGUIN, TX,990,1160,1075.0
776,Alma College,777,"ALMA, MI",B,62,23180,1030-1230,ALMA, MI,1030,1230,1130.0
777,Central Washington University,778,"ELLENSBURG, WA",B,85,16014,950-1170,ELLENSBURG, WA,950,1170,1060.0
778,McKendree University,779,"LEBANON, IL",B,63,21764,860-1270,LEBANON, IL,860,1270,1065.0
779,North Greenville University,780,"TIGERVILLE, SC",B,63,19124,870-1240,TIGERVILLE, SC,870,1240,1055.0
780,Walla Walla University,781,"COLLEGE PLACE, WA",B,100,22135,920-1210,COLLEGE PLACE, WA,920,1210,1065.0
781,Woodbury University,782,"BURBANK, CA",B,66,26349,940-1220,BURBANK, CA,940,1220,1080.0
782,California State University - Los Angeles,783,"LOS ANGELES, CA",B,48,3255,890-1080,LOS ANGELES, CA,890,1080,985.0
783,Millersville University of Pennsylvania,784,"MILLERSVILLE, PA",B,79,21505,980-1170,MILLERSVILLE, PA,980,1170,1075.0
784,Mount St. Mary's University,785,"EMMITSBURG, MD",B,75,29283,990-1200,EMMITSBURG, MD,990,1200,1095.0
785,New York Film Academy - Los Angeles,786,"BURBANK, CA",B,100,43409,,BURBANK, CA,,,
786,Bloomsburg University,787,"BLOOMSBURG, PA",B,84,18075,950-1150,BLOOMSBURG, PA,950,1150,1050.0
787,Penn State Hazleton,788,"HAZLETON, PA",B,86,19174,930-1140,HAZLETON, PA,930,1140,1035.0
788,Eastern Connecticut State University,789,"WILLIMANTIC, CT",B,64,18572,,WILLIMANTIC, CT,,,
789,Washburn University,790,"TOPEKA, KS",B,100,13752,,TOPEKA, KS,,,
790,SUNY Geneseo,791,"GENESEO, NY",B,65,17341,1120-1310,GENESEO, NY,1120,1310,1215.0
791,Arizona State University - Polytechnic Campus,792,"MESA, AZ",B,84,11447,1120-1300,MESA, AZ,1120,1300,1210.0
792,Springfield College - Massachusetts,793,"SPRINGFIELD, MA",B,68,29706,1020-1220,SPRINGFIELD, MA,1020,1220,1120.0
793,University of Houston - Victoria,794,"VICTORIA, TX",B,56,10063,930-1090,VICTORIA, TX,930,1090,1010.0
794,Buena Vista University,795,"STORM LAKE, IA",B,57,18449,930-1110,STORM LAKE, IA,930,1110,1020.0
795,Viterbo University,796,"LA CROSSE, WI",B,77,20747,1050-1270,LA CROSSE, WI,1050,1270,1160.0
796,University of Michigan - Flint,797,"FLINT, MI",B,66,12153,970-1220,FLINT, MI,970,1220,1095.0
797,Cornerstone University,798,"GRAND RAPIDS, MI",B,78,19923,950-1190,GRAND RAPIDS, MI,950,1190,1070.0
798,Northern Illinois University,799,"DEKALB, IL",B,48,18346,940-1170,DEKALB, IL,940,1170,1055.0
799,University of Colorado - Colorado Springs,800,"COLORADO SPRINGS, CO",B,87,16221,1020-1230,COLORADO SPRINGS, CO,1020,1230,1125.0
